allele,population,CSF1PO,D10S1248,D12S391,D13S317,D16S539,D18S51,D19S433,D1S1656,D21S11,D22S1045,D2S1338,D2S441,D3S1358,D5S818,D6S1043,D7S820,D8S1179,F13A01,F13B,FESFPS,FGA,LPL,Penta_C,Penta_D,Penta_E,SE33,TH01,TPOX,vWA
2.2,Hispanic,0,0,0,0,0,0,0,0,0,0,0,0,0,0,0,0,0,0,0,0,0,0,0,0.0170212765957447,0,0,0,0,0
3.2,Hispanic,0,0,0,0,0,0,0,0,0,0,0,0,0,0,0,0,0,0.213983050847458,0,0,0,0,0,0.00212765957446809,0,0,0,0,0
4,Hispanic,0,0,0,0,0,0,0,0,0,0,0,0,0,0,0,0,0,0.0826271186440678,0,0,0,0,0,0,0,0,0,0,0
4.2,Hispanic,0,0,0,0,0,0,0,0,0,0,0,0,0,0,0,0,0,0,0,0,0,0,0,0,0,0,0,0,0
5,Hispanic,0,0,0,0,0,0,0,0,0,0,0,0,0,0,0,0,0,0.194915254237288,0,0,0,0,0.0169491525423729,0.00638297872340426,0.0360169491525424,0,0,0,0
6,Hispanic,0,0,0,0,0,0,0,0,0,0,0,0,0,0,0,0,0,0.167372881355932,0.120762711864407,0,0,0,0,0.00212765957446809,0,0,0.239406779661017,0.00847457627118644,0
6.3,Hispanic,0,0,0,0,0,0,0,0,0,0,0,0,0,0,0,0,0,0,0,0,0,0,0,0,0,0.00211864406779661,0,0,0
7,Hispanic,0.0127118644067797,0,0,0,0,0,0,0,0,0,0,0,0,0.0338983050847458,0,0.010593220338983,0,0.307203389830509,0.0211864406779661,0.00211864406779661,0,0.00423728813559322,0.00635593220338983,0.00212765957446809,0.116525423728814,0,0.296610169491525,0.00635593220338983,0
8,Hispanic,0.00423728813559322,0,0,0.110169491525424,0.0190677966101695,0,0,0,0,0,0,0,0,0.00847457627118644,0,0.120762711864407,0.0148305084745763,0.00635593220338983,0.186440677966102,0.0169491525423729,0,0,0.0338983050847458,0.0191489361702128,0.0254237288135593,0,0.0911016949152542,0.485169491525424,0
8.1,Hispanic,0,0,0,0,0,0,0,0,0,0,0,0,0,0,0,0,0,0,0,0,0,0,0,0,0,0,0,0,0
9,Hispanic,0.0233050847457627,0,0,0.165254237288136,0.139830508474576,0,0.00211864406779661,0,0,0,0,0,0,0.0529661016949153,0,0.0911016949152542,0.00635593220338983,0.00423728813559322,0.230932203389831,0.00847457627118644,0,0.0423728813559322,0.222457627118644,0.242553191489362,0.0169491525423729,0,0.146186440677966,0.0932203389830508,0
9.1,Hispanic,0,0,0,0,0,0,0,0,0,0,0,0,0,0,0,0,0,0,0,0,0,0,0,0,0,0,0,0,0
9.3,Hispanic,0,0,0,0,0,0,0,0,0,0,0,0,0,0,0,0,0,0,0,0,0,0,0,0,0,0,0.218220338983051,0,0
10,Hispanic,0.23728813559322,0,0,0.0995762711864407,0.150423728813559,0.00211864406779661,0.00211864406779661,0.00635593220338983,0,0.0148305084745763,0,0.336864406779661,0,0.0572033898305085,0.00423728813559322,0.307203389830509,0.0932203389830508,0,0.438559322033898,0.203389830508475,0,0.483050847457627,0.0656779661016949,0.163829787234043,0.0847457627118644,0,0.00847457627118644,0.048728813559322,0
10.1,Hispanic,0,0,0,0,0,0,0,0,0,0,0,0,0,0,0,0,0,0,0,0,0,0,0,0,0,0,0,0,0
10.2,Hispanic,0,0,0,0,0,0,0,0,0,0,0,0,0,0,0,0,0,0,0,0,0,0,0,0,0,0,0,0,0
10.3,Hispanic,0,0,0,0,0,0,0,0,0,0,0,0,0,0,0,0.00211864406779661,0,0,0,0.00211864406779661,0,0,0,0,0,0,0,0,0
11,Hispanic,0.279661016949153,0.00423728813559322,0,0.218220338983051,0.264830508474576,0.0148305084745763,0.0148305084745763,0.0275423728813559,0,0.0635593220338983,0,0.298728813559322,0,0.389830508474576,0.177966101694915,0.277542372881356,0.0529661016949153,0,0.00211864406779661,0.463983050847458,0,0.199152542372881,0.330508474576271,0.15531914893617,0.076271186440678,0,0,0.254237288135593,0.00211864406779661
11.2,Hispanic,0,0,0,0,0,0,0,0,0,0,0,0,0,0,0,0,0,0,0,0,0,0,0,0,0,0,0,0,0
11.3,Hispanic,0,0,0,0,0,0,0,0,0,0,0,0.0444915254237288,0,0,0,0,0,0,0,0,0,0,0,0,0,0,0,0,0
12,Hispanic,0.375,0.0423728813559322,0,0.235169491525424,0.277542372881356,0.114406779661017,0.0656779661016949,0.0889830508474576,0,0.0127118644067797,0,0.0360169491525424,0,0.338983050847458,0.205508474576271,0.154661016949153,0.129237288135593,0.00423728813559322,0,0.218220338983051,0,0.213983050847458,0.209745762711864,0.157446808510638,0.169491525423729,0.00423728813559322,0,0.103813559322034,0
12.2,Hispanic,0,0,0,0,0,0,0.0127118644067797,0,0,0,0,0,0,0,0,0,0,0,0,0,0,0,0,0,0,0.00423728813559322,0,0,0
12.3,Hispanic,0,0,0,0,0,0,0,0,0,0,0,0.00211864406779661,0,0,0,0,0,0,0,0,0,0,0,0,0,0,0,0,0
13,Hispanic,0.0593220338983051,0.273305084745763,0,0.10593220338983,0.133474576271186,0.122881355932203,0.222457627118644,0.114406779661017,0,0.00847457627118644,0,0.0233050847457627,0.00635593220338983,0.108050847457627,0.101694915254237,0.0360169491525424,0.273305084745763,0.00635593220338983,0,0.0741525423728814,0,0.048728813559322,0.103813559322034,0.14468085106383,0.0932203389830508,0.00847457627118644,0,0,0
13.2,Hispanic,0,0,0,0,0,0,0.0444915254237288,0,0,0,0,0,0,0,0,0,0,0,0,0,0,0,0,0,0,0,0,0,0
13.3,Hispanic,0,0,0,0,0,0,0,0,0,0,0,0,0,0,0,0,0,0,0,0,0,0,0,0,0,0,0,0,0
13.4,Hispanic,0,0,0,0,0,0,0,0,0,0,0,0,0,0,0,0,0,0,0,0,0,0,0,0,0,0,0,0,0
14,Hispanic,0.00635593220338983,0.338983050847458,0,0.0614406779661017,0.0127118644067797,0.161016949152542,0.353813559322034,0.116525423728814,0,0.0275423728813559,0,0.205508474576271,0.0783898305084746,0.00847457627118644,0.13135593220339,0,0.26271186440678,0,0,0.010593220338983,0,0.00847457627118644,0.010593220338983,0.0702127659574468,0.0720338983050848,0.0275423728813559,0,0,0.0805084745762712
14.2,Hispanic,0,0,0,0,0,0.00211864406779661,0.038135593220339,0,0,0,0,0,0,0,0,0,0,0,0,0,0,0,0,0,0,0.00211864406779661,0,0,0
14.3,Hispanic,0,0,0,0,0,0,0,0.00423728813559322,0,0,0,0,0,0,0,0,0,0,0,0,0,0,0,0,0,0,0,0,0
15,Hispanic,0.00211864406779661,0.211864406779661,0.0444915254237288,0.00423728813559322,0.00211864406779661,0.158898305084746,0.135593220338983,0.13771186440678,0,0.425847457627119,0,0.048728813559322,0.322033898305085,0.00211864406779661,0.0317796610169492,0,0.129237288135593,0.00635593220338983,0,0,0,0,0,0.0106382978723404,0.0953389830508475,0.0360169491525424,0,0,0.14406779661017
15.2,Hispanic,0,0,0,0,0,0,0.0550847457627119,0,0,0,0,0,0,0,0,0,0,0,0,0,0,0,0,0,0,0.00635593220338983,0,0,0
15.3,Hispanic,0,0,0,0,0,0,0,0.0508474576271187,0,0,0,0,0,0,0,0,0,0,0,0,0,0,0,0,0,0,0,0,0
15.4,Hispanic,0,0,0,0,0,0,0,0,0,0,0,0,0,0,0,0,0,0,0,0,0,0,0,0,0.00211864406779661,0,0,0,0
16,Hispanic,0,0.0995762711864407,0.0423728813559322,0,0,0.125,0.0254237288135593,0.175847457627119,0,0.349576271186441,0.0296610169491525,0.00211864406779661,0.279661016949153,0,0.00211864406779661,0,0.0317796610169492,0.00423728813559322,0,0,0,0,0,0.00425531914893617,0.0614406779661017,0.0699152542372881,0,0,0.283898305084746
16.2,Hispanic,0,0,0,0,0,0,0.0275423728813559,0,0,0,0,0,0,0,0,0,0,0,0,0,0,0,0,0,0,0,0,0,0
16.3,Hispanic,0,0,0,0,0,0,0,0.0508474576271187,0,0,0,0,0,0,0,0,0,0,0,0,0,0,0,0,0,0.00423728813559322,0,0,0
17,Hispanic,0,0.0254237288135593,0.076271186440678,0,0,0.125,0,0.0423728813559322,0,0.0911016949152542,0.169491525423729,0.00211864406779661,0.184322033898305,0,0.048728813559322,0,0.00423728813559322,0.00211864406779661,0,0,0.00211864406779661,0,0,0.00212765957446809,0.0550847457627119,0.076271186440678,0,0,0.245762711864407
17.1,Hispanic,0,0,0,0,0,0,0,0,0,0,0,0,0,0,0,0,0,0,0,0,0,0,0,0,0,0,0,0,0
17.2,Hispanic,0,0,0,0,0,0,0,0,0,0,0,0,0,0,0,0,0,0,0,0,0,0,0,0,0,0,0,0,0
17.3,Hispanic,0,0,0.0169491525423729,0,0,0,0,0.148305084745763,0,0,0,0,0,0,0,0,0,0,0,0,0,0,0,0,0,0.00423728813559322,0,0,0
18,Hispanic,0,0.00211864406779661,0.177966101694915,0,0,0.0783898305084746,0,0.00635593220338983,0,0.00635593220338983,0.0805084745762712,0,0.122881355932203,0,0.108050847457627,0,0.00211864406779661,0,0,0,0.0127118644067797,0,0,0,0.0338983050847458,0.110169491525424,0,0,0.180084745762712
18.1,Hispanic,0,0,0,0,0,0,0,0,0,0,0,0,0,0,0.00211864406779661,0,0,0,0,0,0,0,0,0,0,0,0,0,0
18.2,Hispanic,0,0,0,0,0,0,0,0,0,0,0,0,0,0,0,0,0,0,0,0,0,0,0,0,0,0,0,0,0
18.3,Hispanic,0,0,0.0127118644067797,0,0,0,0,0.0254237288135593,0,0,0,0,0,0,0,0,0,0,0,0,0,0,0,0,0,0,0,0,0
19,Hispanic,0,0.00211864406779661,0.188559322033898,0,0,0.0466101694915254,0,0,0,0,0.192796610169492,0,0.00423728813559322,0,0.0783898305084746,0,0,0,0,0,0.0805084745762712,0,0,0,0.0211864406779661,0.0889830508474576,0,0,0.0508474576271187
19.1,Hispanic,0,0,0.00211864406779661,0,0,0,0,0,0,0,0,0,0,0,0,0,0,0,0,0,0,0,0,0,0,0,0,0,0
19.2,Hispanic,0,0,0,0,0,0,0,0,0,0,0,0,0,0,0,0,0,0,0,0,0,0,0,0,0,0.00635593220338983,0,0,0
19.3,Hispanic,0,0,0.00635593220338983,0,0,0,0,0.00423728813559322,0,0,0,0,0,0,0.00211864406779661,0,0,0,0,0,0,0,0,0,0,0,0,0,0
19.4,Hispanic,0,0,0,0,0,0,0,0,0,0,0,0,0,0,0,0,0,0,0,0,0,0,0,0,0,0,0,0,0
20,Hispanic,0,0,0.154661016949153,0,0,0.0275423728813559,0,0,0,0,0.127118644067797,0,0.00211864406779661,0,0.0317796610169492,0,0,0,0,0,0.0847457627118644,0,0,0,0.0211864406779661,0.048728813559322,0,0,0.010593220338983
20.1,Hispanic,0,0,0,0,0,0,0,0,0,0,0,0,0,0,0,0,0,0,0,0,0,0,0,0,0,0,0,0,0
20.2,Hispanic,0,0,0,0,0,0,0,0,0,0,0,0,0,0,0,0,0,0,0,0,0,0,0,0,0,0.00423728813559322,0,0,0
20.3,Hispanic,0,0,0.00211864406779661,0,0,0,0,0,0,0,0,0,0,0,0.010593220338983,0,0,0,0,0,0,0,0,0,0,0,0,0,0
21,Hispanic,0,0,0.11228813559322,0,0,0.00847457627118644,0,0,0,0,0.0317796610169492,0,0,0,0.00635593220338983,0,0,0,0,0,0.152542372881356,0,0,0,0.00635593220338983,0.0169491525423729,0,0,0.00211864406779661
21.2,Hispanic,0,0,0,0,0,0,0,0,0,0,0,0,0,0,0,0,0,0,0,0,0,0,0,0,0,0.0169491525423729,0,0,0
21.3,Hispanic,0,0,0,0,0,0,0,0,0,0,0,0,0,0,0.0423728813559322,0,0,0,0,0,0,0,0,0,0,0,0,0,0
22,Hispanic,0,0,0.0677966101694915,0,0,0.010593220338983,0,0,0,0,0.0572033898305085,0,0,0,0,0,0,0,0,0,0.165254237288136,0,0,0,0.00211864406779661,0.0148305084745763,0,0,0
22.2,Hispanic,0,0,0.00211864406779661,0,0,0,0,0,0,0,0,0,0,0,0,0,0,0,0,0,0.00423728813559322,0,0,0,0,0.0211864406779661,0,0,0
22.3,Hispanic,0,0,0,0,0,0,0,0,0,0,0,0,0,0,0.0127118644067797,0,0,0,0,0,0,0,0,0,0,0,0,0,0
23,Hispanic,0,0,0.0572033898305085,0,0,0,0,0,0,0,0.139830508474576,0,0,0,0,0,0,0,0,0,0.120762711864407,0,0,0,0.00635593220338983,0,0,0,0
23.2,Hispanic,0,0,0,0,0,0,0,0,0,0,0,0,0,0,0,0,0,0,0,0,0.00423728813559322,0,0,0,0,0.0233050847457627,0,0,0
23.3,Hispanic,0,0,0,0,0,0,0,0,0,0,0,0,0,0,0.00211864406779661,0,0,0,0,0,0,0,0,0,0,0,0,0,0
24,Hispanic,0,0,0.0169491525423729,0,0,0.00211864406779661,0,0,0,0,0.076271186440678,0,0,0,0,0,0,0,0,0,0.141949152542373,0,0,0,0,0,0,0,0
24.2,Hispanic,0,0,0,0,0,0,0,0,0.00211864406779661,0,0,0,0,0,0,0,0,0,0,0,0,0,0,0,0,0.0233050847457627,0,0,0
24.3,Hispanic,0,0,0,0,0,0,0,0,0,0,0,0,0,0,0,0,0,0,0,0,0,0,0,0,0,0,0,0,0
25,Hispanic,0,0,0.00635593220338983,0,0,0,0,0,0,0,0.0783898305084746,0,0,0,0,0,0,0,0,0,0.11864406779661,0,0,0,0.00423728813559322,0,0,0,0
25.2,Hispanic,0,0,0,0,0,0,0,0,0,0,0,0,0,0,0,0,0,0,0,0,0,0,0,0,0,0.0233050847457627,0,0,0
26,Hispanic,0,0,0.00635593220338983,0,0,0,0,0,0,0,0.0169491525423729,0,0,0,0,0,0,0,0,0,0.0614406779661017,0,0,0,0,0,0,0,0
26.2,Hispanic,0,0,0,0,0,0,0,0,0.00211864406779661,0,0,0,0,0,0,0,0,0,0,0,0,0,0,0,0,0.0741525423728814,0,0,0
27,Hispanic,0,0,0.00635593220338983,0,0,0,0,0,0.0275423728813559,0,0,0,0,0,0,0,0,0,0,0,0.0444915254237288,0,0,0,0,0.00211864406779661,0,0,0
27.2,Hispanic,0,0,0,0,0,0,0,0,0,0,0,0,0,0,0,0,0,0,0,0,0,0,0,0,0,0.076271186440678,0,0,0
27.3,Hispanic,0,0,0,0,0,0,0,0,0,0,0,0,0,0,0,0,0,0,0,0,0,0,0,0,0,0.00211864406779661,0,0,0
28,Hispanic,0,0,0,0,0,0,0,0,0.0995762711864407,0,0,0,0,0,0,0,0,0,0,0,0.00211864406779661,0,0,0,0,0,0,0,0
28.2,Hispanic,0,0,0,0,0,0,0,0,0,0,0,0,0,0,0,0,0,0,0,0,0,0,0,0,0,0.0677966101694915,0,0,0
28.3,Hispanic,0,0,0,0,0,0,0,0,0,0,0,0,0,0,0,0,0,0,0,0,0,0,0,0,0,0,0,0,0
29,Hispanic,0,0,0,0,0,0,0,0,0.207627118644068,0,0,0,0,0,0,0,0,0,0,0,0.00211864406779661,0,0,0,0,0,0,0,0
29.2,Hispanic,0,0,0,0,0,0,0,0,0.00211864406779661,0,0,0,0,0,0,0,0,0,0,0,0,0,0,0,0,0.0614406779661017,0,0,0
29.3,Hispanic,0,0,0,0,0,0,0,0,0,0,0,0,0,0,0,0,0,0,0,0,0,0,0,0,0,0,0,0,0
30,Hispanic,0,0,0,0,0,0,0,0,0.273305084745763,0,0,0,0,0,0,0,0,0,0,0,0.00211864406779661,0,0,0,0,0.00211864406779661,0,0,0
30.2,Hispanic,0,0,0,0,0,0,0,0,0.0233050847457627,0,0,0,0,0,0,0,0,0,0,0,0,0,0,0,0,0.0402542372881356,0,0,0
30.3,Hispanic,0,0,0,0,0,0,0,0,0,0,0,0,0,0,0,0,0,0,0,0,0,0,0,0,0,0,0,0,0
31,Hispanic,0,0,0,0,0,0,0,0,0.076271186440678,0,0,0,0,0,0,0,0,0,0,0,0,0,0,0,0,0,0,0,0
31.2,Hispanic,0,0,0,0,0,0,0,0,0.0995762711864407,0,0,0,0,0,0,0,0,0,0,0,0,0,0,0,0,0.0127118644067797,0,0,0
32,Hispanic,0,0,0,0,0,0,0,0,0.0169491525423729,0,0,0,0,0,0,0,0,0,0,0,0,0,0,0,0,0,0,0,0
32.2,Hispanic,0,0,0,0,0,0,0,0,0.127118644067797,0,0,0,0,0,0,0,0,0,0,0,0,0,0,0,0,0.010593220338983,0,0,0
33,Hispanic,0,0,0,0,0,0,0,0,0.00423728813559322,0,0,0,0,0,0,0,0,0,0,0,0,0,0,0,0,0.00211864406779661,0,0,0
33.1,Hispanic,0,0,0,0,0,0,0,0,0.00211864406779661,0,0,0,0,0,0,0,0,0,0,0,0,0,0,0,0,0,0,0,0
33.2,Hispanic,0,0,0,0,0,0,0,0,0.0338983050847458,0,0,0,0,0,0,0,0,0,0,0,0,0,0,0,0,0.00423728813559322,0,0,0
34,Hispanic,0,0,0,0,0,0,0,0,0.00211864406779661,0,0,0,0,0,0,0,0,0,0,0,0,0,0,0,0,0,0,0,0
34.2,Hispanic,0,0,0,0,0,0,0,0,0,0,0,0,0,0,0,0,0,0,0,0,0,0,0,0,0,0,0,0,0
35,Hispanic,0,0,0,0,0,0,0,0,0,0,0,0,0,0,0,0,0,0,0,0,0,0,0,0,0,0,0,0,0
36,Hispanic,0,0,0,0,0,0,0,0,0,0,0,0,0,0,0,0,0,0,0,0,0,0,0,0,0,0,0,0,0
37,Hispanic,0,0,0,0,0,0,0,0,0,0,0,0,0,0,0,0,0,0,0,0,0,0,0,0,0,0,0,0,0
38,Hispanic,0,0,0,0,0,0,0,0,0,0,0,0,0,0,0,0,0,0,0,0,0,0,0,0,0,0,0,0,0
39,Hispanic,0,0,0,0,0,0,0,0,0,0,0,0,0,0,0,0,0,0,0,0,0,0,0,0,0,0,0,0,0
43.2,Hispanic,0,0,0,0,0,0,0,0,0,0,0,0,0,0,0,0,0,0,0,0,0,0,0,0,0,0,0,0,0
