marker,allele,frequency,population
Penta_D,2.2,0.11403508771929824,AfAm
F13A01,3.2,0.11842105263157894,AfAm
Penta_D,3.2,0.0087719298245614,AfAm
F13A01,4,0.06871345029239766,AfAm
F13A01,4.2,0.00146198830409356,AfAm
D16S539,5,0.00146198830409356,AfAm
F13A01,5,0.3391812865497076,AfAm
Penta_C,5,0.02485380116959064,AfAm
Penta_D,5,0.04385964912280701,AfAm
Penta_E,5,0.09502923976608188,AfAm
TH01,5,0.0043859649122807,AfAm
D7S820,6,0.00146198830409356,AfAm
F13A01,6,0.12719298245614036,AfAm
F13B,6,0.36257309941520466,AfAm
FESFPS,6,0.00146198830409356,AfAm
Penta_D,6,0.01023391812865497,AfAm
Penta_E,6,0.00146198830409356,AfAm
TH01,6,0.13157894736842105,AfAm
TPOX,6,0.08944281524926687,AfAm
F13B,6.3,0.00146198830409356,AfAm
CSF1PO,7,0.05555555555555555,AfAm
D5S818,7,0.00292397660818713,AfAm
D7S820,7,0.01169590643274853,AfAm
F13A01,7,0.1973684210526316,AfAm
F13B,7,0.16812865497076024,AfAm
FESFPS,7,0.00292397660818713,AfAm
LPL,7,0.01608187134502924,AfAm
Penta_C,7,0.01608187134502924,AfAm
Penta_D,7,0.04385964912280701,AfAm
Penta_E,7,0.10380116959064328,AfAm
SE33,7,0.00146198830409356,AfAm
TH01,7,0.40789473684210525,AfAm
TPOX,7,0.01759530791788856,AfAm
CSF1PO,8,0.05555555555555555,AfAm
D10S1248,8,0.00292397660818713,AfAm
D13S317,8,0.02777777777777777,AfAm
D16S539,8,0.03216374269005848,AfAm
D22S1045,8,0.00730994152046783,AfAm
D5S818,8,0.04678362573099415,AfAm
D7S820,8,0.22807017543859648,AfAm
D8S1179,8,0.00730994152046783,AfAm
F13A01,8,0.05701754385964912,AfAm
F13B,8,0.10818713450292396,AfAm
FESFPS,8,0.09941520467836255,AfAm
LPL,8,0.0043859649122807,AfAm
Penta_C,8,0.05116959064327485,AfAm
Penta_D,8,0.10818713450292396,AfAm
Penta_E,8,0.16666666666666666,AfAm
TH01,8,0.195906432748538,AfAm
TPOX,8,0.3680351906158358,AfAm
CSF1PO,9,0.03947368421052631,AfAm
D10S1248,9,0.00292397660818713,AfAm
D13S317,9,0.03362573099415204,AfAm
D16S539,9,0.1827485380116959,AfAm
D18S51,9,0.00292397660818713,AfAm
D2S441,9,0.00292397660818713,AfAm
D5S818,9,0.03216374269005848,AfAm
D6S1043,9,0.00146198830409356,AfAm
D7S820,9,0.1154970760233918,AfAm
D8S1179,9,0.0043859649122807,AfAm
F13A01,9,0.0087719298245614,AfAm
F13B,9,0.22807017543859648,AfAm
FESFPS,9,0.02777777777777777,AfAm
LPL,9,0.1301169590643275,AfAm
Penta_C,9,0.17251461988304093,AfAm
Penta_D,9,0.16812865497076024,AfAm
Penta_E,9,0.05116959064327485,AfAm
TH01,9,0.15935672514619884,AfAm
TPOX,9,0.19501466275659823,AfAm
TH01,9.3,0.09649122807017543,AfAm
CSF1PO,10,0.25,AfAm
D10S1248,10,0.00730994152046783,AfAm
D13S317,10,0.03070175438596491,AfAm
D16S539,10,0.11695906432748536,AfAm
D18S51,10,0.0043859649122807,AfAm
D19S433,10,0.01023391812865497,AfAm
D1S1656,10,0.01461988304093567,AfAm
D22S1045,10,0.04093567251461988,AfAm
D2S441,10,0.0847953216374269,AfAm
D5S818,10,0.07309941520467836,AfAm
D6S1043,10,0.00584795321637426,AfAm
D7S820,10,0.3362573099415205,AfAm
D8S1179,10,0.03070175438596491,AfAm
F13A01,10,0.00584795321637426,AfAm
F13B,10,0.1286549707602339,AfAm
FESFPS,10,0.22514619883040937,AfAm
LPL,10,0.347953216374269,AfAm
Penta_C,10,0.07017543859649122,AfAm
Penta_D,10,0.09941520467836255,AfAm
Penta_E,10,0.04678362573099415,AfAm
TH01,10,0.0043859649122807,AfAm
TPOX,10,0.08651026392961877,AfAm
Penta_C,10.1,0.00146198830409356,AfAm
SE33,10.2,0.00146198830409356,AfAm
FESFPS,10.3,0.04239766081871345,AfAm
CSF1PO,11,0.2485380116959064,AfAm
D10S1248,11,0.03508771929824561,AfAm
D13S317,11,0.30994152046783624,AfAm
D16S539,11,0.31432748538011696,AfAm
D18S51,11,0.00146198830409356,AfAm
D19S433,11,0.06286549707602339,AfAm
D1S1656,11,0.04532163742690058,AfAm
D22S1045,11,0.14473684210526316,AfAm
D2S441,11,0.36257309941520466,AfAm
D5S818,11,0.23391812865497075,AfAm
D6S1043,11,0.15350877192982457,AfAm
D7S820,11,0.20321637426900585,AfAm
D8S1179,11,0.05263157894736842,AfAm
F13A01,11,0.00730994152046783,AfAm
F13B,11,0.00292397660818713,AfAm
FESFPS,11,0.32748538011695905,AfAm
LPL,11,0.1242690058479532,AfAm
Penta_C,11,0.2777777777777778,AfAm
Penta_D,11,0.17982456140350878,AfAm
Penta_E,11,0.06432748538011696,AfAm
TPOX,11,0.2155425219941349,AfAm
vWA,11,0.00292397660818713,AfAm
SE33,11.2,0.00292397660818713,AfAm
D2S441,11.3,0.04385964912280701,AfAm
FESFPS,11.3,0.00292397660818713,AfAm
CSF1PO,12,0.2953216374269006,AfAm
D10S1248,12,0.1301169590643275,AfAm
D13S317,12,0.41812865497076024,AfAm
D16S539,12,0.2046783625730994,AfAm
D18S51,12,0.07602339181286549,AfAm
D19S433,12,0.12280701754385964,AfAm
D1S1656,12,0.06432748538011696,AfAm
D22S1045,12,0.05409356725146198,AfAm
D2S441,12,0.1652046783625731,AfAm
D3S1358,12,0.0043859649122807,AfAm
D5S818,12,0.3684210526315789,AfAm
D6S1043,12,0.2236842105263158,AfAm
D7S820,12,0.08771929824561403,AfAm
D8S1179,12,0.1301169590643275,AfAm
F13A01,12,0.0043859649122807,AfAm
FESFPS,12,0.22660818713450293,AfAm
LPL,12,0.2953216374269006,AfAm
Penta_C,12,0.25,AfAm
Penta_D,12,0.10818713450292396,AfAm
Penta_E,12,0.1286549707602339,AfAm
SE33,12,0.00292397660818713,AfAm
TPOX,12,0.02639296187683284,AfAm
vWA,12,0.00146198830409356,AfAm
D19S433,12.2,0.03654970760233918,AfAm
SE33,12.2,0.00292397660818713,AfAm
D2S441,12.3,0.00584795321637426,AfAm
CSF1PO,13,0.04678362573099415,AfAm
D10S1248,13,0.23391812865497075,AfAm
D13S317,13,0.14035087719298245,AfAm
D16S539,13,0.12280701754385964,AfAm
D18S51,13,0.04093567251461988,AfAm
D19S433,13,0.24561403508771928,AfAm
D1S1656,13,0.10087719298245612,AfAm
D22S1045,13,0.00292397660818713,AfAm
D2S441,13,0.04385964912280701,AfAm
D3S1358,13,0.00292397660818713,AfAm
D5S818,13,0.2236842105263158,AfAm
D6S1043,13,0.097953216374269,AfAm
D7S820,13,0.01461988304093567,AfAm
D8S1179,13,0.21929824561403508,AfAm
F13A01,13,0.03362573099415204,AfAm
FESFPS,13,0.04385964912280701,AfAm
LPL,13,0.07456140350877193,AfAm
Penta_C,13,0.08771929824561403,AfAm
Penta_D,13,0.08333333333333333,AfAm
Penta_E,13,0.10380116959064328,AfAm
SE33,13,0.01169590643274853,AfAm
TPOX,13,0.00146627565982404,AfAm
vWA,13,0.0087719298245614,AfAm
D18S51,13.2,0.0043859649122807,AfAm
D19S433,13.2,0.05263157894736842,AfAm
SE33,13.2,0.00584795321637426,AfAm
D2S441,13.3,0.00292397660818713,AfAm
Penta_D,13.4,0.00146198830409356,AfAm
CSF1PO,14,0.0087719298245614,AfAm
D10S1248,14,0.27631578947368424,AfAm
D12S391,14,0.00146198830409356,AfAm
D13S317,14,0.03947368421052631,AfAm
D16S539,14,0.02485380116959064,AfAm
D18S51,14,0.07163742690058479,AfAm
D19S433,14,0.21052631578947367,AfAm
D1S1656,14,0.2573099415204678,AfAm
D22S1045,14,0.07748538011695906,AfAm
D2S441,14,0.2675438596491228,AfAm
D3S1358,14,0.09064327485380116,AfAm
D5S818,14,0.01608187134502924,AfAm
D6S1043,14,0.05847953216374269,AfAm
D7S820,14,0.00146198830409356,AfAm
D8S1179,14,0.29385964912280704,AfAm
F13A01,14,0.0175438596491228,AfAm
LPL,14,0.00730994152046783,AfAm
Penta_C,14,0.03947368421052631,AfAm
Penta_D,14,0.02485380116959064,AfAm
Penta_E,14,0.06871345029239766,AfAm
SE33,14,0.05116959064327485,AfAm
vWA,14,0.0804093567251462,AfAm
D19S433,14.2,0.07456140350877193,AfAm
SE33,14.2,0.00584795321637426,AfAm
D1S1656,14.3,0.00730994152046783,AfAm
D2S441,14.3,0.00146198830409356,AfAm
D10S1248,15,0.1973684210526316,AfAm
D12S391,15,0.07748538011695906,AfAm
D18S51,15,0.1652046783625731,AfAm
D19S433,15,0.0804093567251462,AfAm
D1S1656,15,0.15789473684210523,AfAm
D22S1045,15,0.25146198830409355,AfAm
D2S1338,15,0.00146198830409356,AfAm
D2S441,15,0.01900584795321637,AfAm
D3S1358,15,0.3084795321637427,AfAm
D5S818,15,0.00292397660818713,AfAm
D6S1043,15,0.05263157894736842,AfAm
D8S1179,15,0.19005847953216373,AfAm
F13A01,15,0.0131578947368421,AfAm
Penta_C,15,0.00584795321637426,AfAm
Penta_D,15,0.0043859649122807,AfAm
Penta_E,15,0.05555555555555555,AfAm
SE33,15,0.04385964912280701,AfAm
vWA,15,0.1915204678362573,AfAm
D18S51,15.2,0.00146198830409356,AfAm
D19S433,15.2,0.06140350877192982,AfAm
D3S1358,15.2,0.00146198830409356,AfAm
SE33,15.2,0.00292397660818713,AfAm
D1S1656,15.3,0.02923976608187134,AfAm
D10S1248,16,0.08771929824561403,AfAm
D12S391,16,0.06725146198830409,AfAm
D18S51,16,0.17105263157894737,AfAm
D19S433,16,0.0043859649122807,AfAm
D1S1656,16,0.10964912280701754,AfAm
D22S1045,16,0.1915204678362573,AfAm
D2S1338,16,0.05555555555555555,AfAm
D3S1358,16,0.31871345029239767,AfAm
D6S1043,16,0.01608187134502924,AfAm
D8S1179,16,0.06432748538011696,AfAm
Penta_C,16,0.00292397660818713,AfAm
Penta_E,16,0.04093567251461988,AfAm
SE33,16,0.04824561403508772,AfAm
vWA,16,0.25,AfAm
D19S433,16.2,0.02631578947368421,AfAm
FGA,16.2,0.00146198830409356,AfAm
SE33,16.2,0.0043859649122807,AfAm
D1S1656,16.3,0.1023391812865497,AfAm
D10S1248,17,0.02485380116959064,AfAm
D12S391,17,0.16666666666666666,AfAm
D18S51,17,0.152046783625731,AfAm
D1S1656,17,0.02777777777777777,AfAm
D22S1045,17,0.20906432748538012,AfAm
D2S1338,17,0.10087719298245612,AfAm
D3S1358,17,0.21198830409356725,AfAm
D6S1043,17,0.05701754385964912,AfAm
D8S1179,17,0.0043859649122807,AfAm
Penta_D,17,0.00146198830409356,AfAm
Penta_E,17,0.04385964912280701,AfAm
SE33,17,0.09502923976608188,AfAm
vWA,17,0.23538011695906433,AfAm
D12S391,17.1,0.0043859649122807,AfAm
D19S433,17.2,0.0087719298245614,AfAm
FGA,17.2,0.00146198830409356,AfAm
SE33,17.2,0.00146198830409356,AfAm
D12S391,17.3,0.0043859649122807,AfAm
D1S1656,17.3,0.04970760233918128,AfAm
SE33,17.3,0.00146198830409356,AfAm
D10S1248,18,0.00146198830409356,AfAm
D12S391,18,0.25292397660818716,AfAm
D18S51,18,0.12134502923976608,AfAm
D1S1656,18,0.00292397660818713,AfAm
D22S1045,18,0.01461988304093567,AfAm
D2S1338,18,0.04239766081871345,AfAm
D3S1358,18,0.05701754385964912,AfAm
D6S1043,18,0.10818713450292396,AfAm
D8S1179,18,0.00292397660818713,AfAm
FGA,18,0.00146198830409356,AfAm
Penta_E,18,0.01608187134502924,AfAm
SE33,18,0.11988304093567252,AfAm
vWA,18,0.14912280701754385,AfAm
D12S391,18.1,0.00146198830409356,AfAm
D19S433,18.2,0.00292397660818713,AfAm
FGA,18.2,0.0175438596491228,AfAm
D12S391,18.3,0.0043859649122807,AfAm
D1S1656,18.3,0.02339181286549707,AfAm
D6S1043,18.3,0.00146198830409356,AfAm
D12S391,19,0.1476608187134503,AfAm
D18S51,19,0.09941520467836255,AfAm
D22S1045,19,0.00584795321637426,AfAm
D2S1338,19,0.1388888888888889,AfAm
D3S1358,19,0.0043859649122807,AfAm
D6S1043,19,0.11257309941520469,AfAm
FGA,19,0.05116959064327485,AfAm
Penta_E,19,0.00730994152046783,AfAm
SE33,19,0.12719298245614036,AfAm
vWA,19,0.06286549707602339,AfAm
D12S391,19.1,0.0087719298245614,AfAm
FGA,19.2,0.00292397660818713,AfAm
D12S391,19.3,0.0043859649122807,AfAm
D1S1656,19.3,0.00730994152046783,AfAm
D6S1043,19.3,0.00146198830409356,AfAm
D12S391,20,0.10380116959064328,AfAm
D18S51,20,0.06286549707602339,AfAm
D2S1338,20,0.10380116959064328,AfAm
D6S1043,20,0.07163742690058479,AfAm
FGA,20,0.05409356725146198,AfAm
Penta_E,20,0.0043859649122807,AfAm
SE33,20,0.097953216374269,AfAm
vWA,20,0.01608187134502924,AfAm
D12S391,20.1,0.00292397660818713,AfAm
SE33,20.2,0.00292397660818713,AfAm
D12S391,21,0.06432748538011696,AfAm
D18S51,21,0.01023391812865497,AfAm
D2S1338,21,0.13596491228070176,AfAm
D6S1043,21,0.0175438596491228,AfAm
FGA,21,0.12280701754385964,AfAm
SE33,21,0.04824561403508772,AfAm
vWA,21,0.00146198830409356,AfAm
D18S51,21.2,0.00146198830409356,AfAm
SE33,21.2,0.01023391812865497,AfAm
D6S1043,21.3,0.00146198830409356,AfAm
D12S391,22,0.03654970760233918,AfAm
D18S51,22,0.00730994152046783,AfAm
D2S1338,22,0.13742690058479531,AfAm
FGA,22,0.1988304093567251,AfAm
SE33,22,0.01461988304093567,AfAm
FGA,22.2,0.0043859649122807,AfAm
SE33,22.2,0.0043859649122807,AfAm
FGA,22.3,0.00146198830409356,AfAm
D12S391,23,0.02923976608187134,AfAm
D18S51,23,0.0043859649122807,AfAm
D2S1338,23,0.10380116959064328,AfAm
D6S1043,23,0.01023391812865497,AfAm
FGA,23,0.1695906432748538,AfAm
SE33,23,0.00730994152046783,AfAm
FGA,23.2,0.00146198830409356,AfAm
SE33,23.2,0.0175438596491228,AfAm
D12S391,24,0.0131578947368421,AfAm
D18S51,24,0.00146198830409356,AfAm
D2S1338,24,0.08333333333333333,AfAm
D6S1043,24,0.00584795321637426,AfAm
FGA,24,0.13304093567251463,AfAm
SE33,24.2,0.0131578947368421,AfAm
D12S391,25,0.0087719298245614,AfAm
D2S1338,25,0.07748538011695906,AfAm
D6S1043,25,0.00146198830409356,AfAm
FGA,25,0.11842105263157894,AfAm
Penta_E,25,0.00146198830409356,AfAm
FGA,25.2,0.00146198830409356,AfAm
SE33,25.2,0.03070175438596491,AfAm
D21S11,26,0.00146198830409356,AfAm
D2S1338,26,0.01461988304093567,AfAm
D6S1043,26,0.00146198830409356,AfAm
FGA,26,0.07017543859649122,AfAm
SE33,26,0.00146198830409356,AfAm
SE33,26.2,0.06286549707602339,AfAm
D21S11,27,0.07456140350877193,AfAm
D2S1338,27,0.0043859649122807,AfAm
FGA,27,0.02339181286549707,AfAm
SE33,27.2,0.04239766081871345,AfAm
D21S11,28,0.24561403508771928,AfAm
FGA,28,0.01461988304093567,AfAm
SE33,28.2,0.04532163742690058,AfAm
SE33,28.3,0.00146198830409356,AfAm
D21S11,29,0.2046783625730994,AfAm
FGA,29,0.00584795321637426,AfAm
SE33,29.2,0.02339181286549707,AfAm
D21S11,29.3,0.00146198830409356,AfAm
D21S11,30,0.1695906432748538,AfAm
FGA,30,0.00146198830409356,AfAm
D21S11,30.2,0.0175438596491228,AfAm
FGA,30.2,0.00146198830409356,AfAm
SE33,30.2,0.01608187134502924,AfAm
D21S11,31,0.07894736842105263,AfAm
SE33,31,0.00146198830409356,AfAm
D21S11,31.2,0.05116959064327485,AfAm
FGA,31.2,0.00146198830409356,AfAm
SE33,31.2,0.01608187134502924,AfAm
D21S11,32,0.0087719298245614,AfAm
D21S11,32.2,0.06140350877192982,AfAm
SE33,32.2,0.0043859649122807,AfAm
D21S11,33,0.0043859649122807,AfAm
D21S11,33.1,0.00292397660818713,AfAm
D21S11,33.2,0.03508771929824561,AfAm
SE33,33.2,0.00292397660818713,AfAm
D21S11,34,0.00584795321637426,AfAm
SE33,34,0.00292397660818713,AfAm
D21S11,35,0.0219298245614035,AfAm
D21S11,36,0.0087719298245614,AfAm
SE33,36,0.00146198830409356,AfAm
D21S11,37,0.00292397660818713,AfAm
D21S11,38,0.00146198830409356,AfAm
D21S11,39,0.00146198830409356,AfAm
Penta_D,2.2,0.0429951690821256,all
F13A01,3.2,0.138996138996139,all
Penta_D,3.2,0.00338164251207729,all
F13A01,4,0.06225868725868726,all
F13A01,4.2,4.8262548262548264e-4,all
D16S539,5,4.8262548262548264e-4,all
F13A01,5,0.22972972972972977,all
FESFPS,5,4.8262548262548264e-4,all
Penta_C,5,0.01737451737451737,all
Penta_D,5,0.01594202898550724,all
Penta_E,5,0.07287644787644787,all
TH01,5,0.00193050193050193,all
TPOX,5,4.830917874396135e-4,all
D7S820,6,4.8262548262548264e-4,all
F13A01,6,0.2475868725868726,all
F13B,6,0.18194980694980695,all
FESFPS,6,4.8262548262548264e-4,all
Penta_D,6,0.00628019323671497,all
Penta_E,6,4.8262548262548264e-4,all
TH01,6,0.19594594594594592,all
TPOX,6,0.03188405797101449,all
F13B,6.3,4.8262548262548264e-4,all
SE33,6.3,4.8262548262548264e-4,all
CSF1PO,7,0.02316602316602316,all
D5S818,7,0.0111003861003861,all
D7S820,7,0.0164092664092664,all
F13A01,7,0.24662162162162163,all
F13B,7,0.06660231660231661,all
FESFPS,7,0.00144787644787644,all
LPL,7,0.00723938223938224,all
Penta_C,7,0.0082046332046332,all
Penta_D,7,0.01642512077294686,all
Penta_E,7,0.11969111969111967,all
SE33,7,4.8262548262548264e-4,all
TH01,7,0.2948841698841699,all
TPOX,7,0.0072463768115942,all
CSF1PO,8,0.02123552123552123,all
D10S1248,8,9.652509652509652e-4,all
D13S317,8,0.09652509652509653,all
D16S539,8,0.02123552123552123,all
D22S1045,8,0.00241312741312741,all
D2S441,8,4.8262548262548264e-4,all
D5S818,8,0.01978764478764478,all
D6S1043,8,4.8262548262548264e-4,all
D7S820,8,0.16554054054054054,all
D8S1179,8,0.01061776061776061,all
F13A01,8,0.02171814671814672,all
F13B,8,0.16843629343629343,all
FESFPS,8,0.04536679536679536,all
LPL,8,0.00144787644787644,all
Penta_C,8,0.03281853281853281,all
Penta_D,8,0.04782608695652174,all
Penta_E,8,0.06611969111969113,all
TH01,8,0.12548262548262548,all
TPOX,8,0.466183574879227,all
D7S820,8.1,4.8262548262548264e-4,all
CSF1PO,9,0.02944015444015444,all
D10S1248,9,9.652509652509652e-4,all
D13S317,9,0.08928571428571429,all
D16S539,9,0.16264478764478765,all
D18S51,9,9.652509652509652e-4,all
D19S433,9,4.8262548262548264e-4,all
D2S441,9,0.00144787644787644,all
D5S818,9,0.04633204633204633,all
D6S1043,9,4.8262548262548264e-4,all
D7S820,9,0.12162162162162164,all
D8S1179,9,0.00482625482625482,all
F13A01,9,0.00386100386100386,all
F13B,9,0.23214285714285715,all
FESFPS,9,0.01254826254826254,all
LPL,9,0.06660231660231661,all
Penta_C,9,0.19305019305019305,all
Penta_D,9,0.21739130434782608,all
Penta_E,9,0.02750965250965251,all
TH01,9,0.16891891891891891,all
TPOX,9,0.13768115942028986,all
D2S441,9.1,9.652509652509652e-4,all
TH01,9.3,0.2055984555984556,all
CSF1PO,10,0.23214285714285715,all
D10S1248,10,0.00289575289575289,all
D13S317,10,0.05888030888030888,all
D16S539,10,0.10810810810810811,all
D18S51,10,0.00482625482625482,all
D19S433,10,0.00434362934362934,all
D1S1656,10,0.00723938223938224,all
D22S1045,10,0.01689189189189189,all
D2S441,10,0.2031853281853282,all
D5S818,10,0.0777027027027027,all
D6S1043,10,0.01158301158301158,all
D7S820,10,0.2948841698841699,all
D8S1179,10,0.07866795366795366,all
F13A01,10,0.00241312741312741,all
F13B,10,0.3465250965250965,all
FESFPS,10,0.2277992277992278,all
LPL,10,0.43243243243243246,all
Penta_C,10,0.06756756756756757,all
Penta_D,10,0.12753623188405797,all
Penta_E,10,0.07046332046332046,all
TH01,10,0.00675675675675675,all
TPOX,10,0.05990338164251208,all
Penta_C,10.1,4.8262548262548264e-4,all
SE33,10.2,4.8262548262548264e-4,all
D7S820,10.3,4.8262548262548264e-4,all
FESFPS,10.3,0.01496138996138996,all
CSF1PO,11,0.27364864864864863,all
D10S1248,11,0.013030888030888029,all
D13S317,11,0.2905405405405405,all
D16S539,11,0.2915057915057915,all
D18S51,11,0.00723938223938224,all
D19S433,11,0.026061776061776058,all
D1S1656,11,0.05115830115830116,all
D22S1045,11,0.12982625482625482,all
D2S441,11,0.34025096525096526,all
D3S1358,11,4.8262548262548264e-4,all
D5S818,11,0.3156370656370656,all
D6S1043,11,0.2084942084942085,all
D7S820,11,0.23455598455598456,all
D8S1179,11,0.06708494208494209,all
F13A01,11,0.00241312741312741,all
F13B,11,0.00386100386100386,all
FESFPS,11,0.3909266409266409,all
LPL,11,0.18967181467181468,all
Penta_C,11,0.333976833976834,all
Penta_D,11,0.15555555555555556,all
Penta_E,11,0.08397683397683398,all
SE33,11,4.8262548262548264e-4,all
TH01,11,4.8262548262548264e-4,all
TPOX,11,0.24444444444444444,all
vWA,11,0.00144787644787644,all
SE33,11.2,9.652509652509652e-4,all
D2S441,11.3,0.04874517374517374,all
FESFPS,11.3,9.652509652509652e-4,all
CSF1PO,12,0.34459459459459457,all
D10S1248,12,0.0719111969111969,all
D13S317,12,0.305019305019305,all
D16S539,12,0.25675675675675674,all
D18S51,12,0.09411196911196912,all
D19S433,12,0.0834942084942085,all
D1S1656,12,0.08638996138996138,all
D22S1045,12,0.02557915057915058,all
D2S441,12,0.09942084942084942,all
D3S1358,12,0.00144787644787644,all
D5S818,12,0.3532818532818533,all
D6S1043,12,0.21428571428571427,all
D7S820,12,0.1361003861003861,all
D8S1179,12,0.14189189189189189,all
F13A01,12,0.00289575289575289,all
FESFPS,12,0.23552123552123552,all
LPL,12,0.2471042471042471,all
Penta_C,12,0.2171814671814672,all
Penta_D,12,0.16956521739130434,all
Penta_E,12,0.15926640926640925,all
SE33,12,0.00434362934362934,all
TPOX,12,0.05120772946859903,all
vWA,12,9.652509652509652e-4,all
D19S433,12.2,0.01785714285714285,all
SE33,12.2,0.00193050193050193,all
D2S441,12.3,0.00434362934362934,all
D6S1043,12.3,4.8262548262548264e-4,all
CSF1PO,13,0.06563706563706563,all
D10S1248,13,0.2765444015444015,all
D13S317,13,0.11631274131274132,all
D16S539,13,0.13706563706563707,all
D18S51,13,0.10472972972972971,all
D19S433,13,0.2471042471042471,all
D1S1656,13,0.09507722007722008,all
D22S1045,13,0.0053088803088803,all
D2S441,13,0.03233590733590733,all
D3S1358,13,0.00289575289575289,all
D5S818,13,0.1631274131274131,all
D6S1043,13,0.09749034749034748,all
D7S820,13,0.02750965250965251,all
D8S1179,13,0.26833976833976836,all
F13A01,13,0.013030888030888029,all
FESFPS,13,0.06467181467181467,all
LPL,13,0.04922779922779923,all
Penta_C,13,0.10376447876447877,all
Penta_D,13,0.1386473429951691,all
Penta_E,13,0.09025096525096524,all
SE33,13,0.01158301158301158,all
TPOX,13,9.66183574879227e-4,all
vWA,13,0.00337837837837837,all
D18S51,13.2,0.00144787644787644,all
D19S433,13.2,0.03185328185328185,all
SE33,13.2,0.00193050193050193,all
D2S441,13.3,9.652509652509652e-4,all
Penta_D,13.4,4.830917874396135e-4,all
CSF1PO,14,0.00916988416988417,all
D10S1248,14,0.29584942084942084,all
D12S391,14,4.8262548262548264e-4,all
D13S317,14,0.04198841698841699,all
D16S539,14,0.02171814671814672,all
D18S51,14,0.1293436293436293,all
D19S433,14,0.30405405405405406,all
D1S1656,14,0.14478764478764478,all
D22S1045,14,0.0526061776061776,all
D2S441,14,0.2268339768339768,all
D3S1358,14,0.08735521235521236,all
D5S818,14,0.0111003861003861,all
D6S1043,14,0.08301158301158301,all
D7S820,14,0.00193050193050193,all
D8S1179,14,0.2335907335907336,all
F13A01,14,0.00965250965250965,all
FESFPS,14,0.00482625482625482,all
LPL,14,0.00579150579150579,all
Penta_C,14,0.0222007722007722,all
Penta_D,14,0.0463768115942029,all
Penta_E,14,0.06563706563706563,all
SE33,14,0.03185328185328185,all
vWA,14,0.09555984555984556,all
D18S51,14.2,9.652509652509652e-4,all
D19S433,14.2,0.05115830115830116,all
SE33,14.2,0.00337837837837837,all
D1S1656,14.3,0.00434362934362934,all
D2S441,14.3,4.8262548262548264e-4,all
CSF1PO,15,9.652509652509652e-4,all
D10S1248,15,0.20125482625482624,all
D12S391,15,0.05067567567567568,all
D13S317,15,0.00144787644787644,all
D16S539,15,4.8262548262548264e-4,all
D18S51,15,0.166988416988417,all
D19S433,15,0.11776061776061776,all
D1S1656,15,0.1616795366795367,all
D22S1045,15,0.32094594594594594,all
D2S1338,15,9.652509652509652e-4,all
D2S441,15,0.03909266409266409,all
D3S1358,15,0.3045366795366795,all
D5S818,15,0.00193050193050193,all
D6S1043,15,0.03233590733590733,all
D8S1179,15,0.14044401544401544,all
F13A01,15,0.01447876447876448,all
LPL,15,4.8262548262548264e-4,all
Penta_C,15,0.00241312741312741,all
Penta_D,15,0.00821256038647343,all
Penta_E,15,0.06563706563706563,all
SE33,15,0.03764478764478764,all
vWA,15,0.13465250965250966,all
D18S51,15.2,4.8262548262548264e-4,all
D19S433,15.2,0.05694980694980695,all
D3S1358,15.2,4.8262548262548264e-4,all
SE33,15.2,0.00241312741312741,all
D1S1656,15.3,0.0415057915057915,all
Penta_E,15.4,9.652509652509652e-4,all
D10S1248,16,0.10714285714285714,all
D12S391,16,0.04054054054054054,all
D18S51,16,0.14816602316602318,all
D19S433,16,0.02799227799227799,all
D1S1656,16,0.14237451737451737,all
D22S1045,16,0.2972972972972973,all
D2S1338,16,0.04005791505791506,all
D2S441,16,9.652509652509652e-4,all
D3S1358,16,0.2828185328185328,all
D6S1043,16,0.00772200772200772,all
D8S1179,16,0.04874517374517374,all
F13A01,16,0.00337837837837837,all
Penta_C,16,9.652509652509652e-4,all
Penta_D,16,0.00193236714975845,all
Penta_E,16,0.05067567567567568,all
SE33,16,0.04874517374517374,all
vWA,16,0.2302123552123552,all
D18S51,16.2,4.8262548262548264e-4,all
D19S433,16.2,0.02316602316602316,all
FGA,16.2,4.8262548262548264e-4,all
SE33,16.2,0.00193050193050193,all
D1S1656,16.3,0.06805019305019305,all
SE33,16.3,9.652509652509652e-4,all
D10S1248,17,0.02654440154440154,all
D12S391,17,0.12451737451737452,all
D18S51,17,0.13320463320463322,all
D19S433,17,0.00241312741312741,all
D1S1656,17,0.04198841698841699,all
D22S1045,17,0.1365830115830116,all
D2S1338,17,0.14189189189189189,all
D2S441,17,4.8262548262548264e-4,all
D3S1358,17,0.20415057915057916,all
D6S1043,17,0.05791505791505792,all
D8S1179,17,0.00386100386100386,all
F13A01,17,4.8262548262548264e-4,all
FGA,17,0.00144787644787644,all
Penta_D,17,0.00144927536231884,all
Penta_E,17,0.05164092664092664,all
SE33,17,0.07335907335907337,all
vWA,17,0.26206563706563707,all
D12S391,17.1,0.00144787644787644,all
D19S433,17.2,0.00386100386100386,all
FGA,17.2,4.8262548262548264e-4,all
SE33,17.2,4.8262548262548264e-4,all
D12S391,17.3,0.01254826254826254,all
D1S1656,17.3,0.10472972972972971,all
SE33,17.3,0.00193050193050193,all
D10S1248,18,0.00144787644787644,all
D12S391,18,0.2084942084942085,all
D18S51,18,0.08783783783783784,all
D1S1656,18,0.00579150579150579,all
D22S1045,18,0.01013513513513513,all
D2S1338,18,0.07046332046332046,all
D3S1358,18,0.10569498069498068,all
D6S1043,18,0.10617760617760616,all
D8S1179,18,0.00193050193050193,all
FGA,18,0.01447876447876448,all
Penta_E,18,0.03185328185328185,all
SE33,18,0.09555984555984556,all
vWA,18,0.18001930501930502,all
D12S391,18.1,4.8262548262548264e-4,all
D6S1043,18.1,4.8262548262548264e-4,all
D19S433,18.2,0.00144787644787644,all
FGA,18.2,0.00579150579150579,all
D12S391,18.3,0.013030888030888029,all
D1S1656,18.3,0.03571428571428571,all
D6S1043,18.3,4.8262548262548264e-4,all
SE33,18.3,4.8262548262548264e-4,all
D10S1248,19,0.00144787644787644,all
D12S391,19,0.15154440154440155,all
D18S51,19,0.06129343629343629,all
D22S1045,19,0.00241312741312741,all
D2S1338,19,0.14864864864864866,all
D3S1358,19,0.00916988416988417,all
D6S1043,19,0.09797297297297296,all
FGA,19,0.05791505791505792,all
Penta_E,19,0.0164092664092664,all
SE33,19,0.09314671814671814,all
vWA,19,0.07866795366795366,all
D12S391,19.1,0.00337837837837837,all
FGA,19.2,9.652509652509652e-4,all
SE33,19.2,0.00289575289575289,all
D12S391,19.3,0.00482625482625482,all
D1S1656,19.3,0.00916988416988417,all
D6S1043,19.3,9.652509652509652e-4,all
Penta_E,19.4,9.652509652509652e-4,all
D12S391,20,0.12644787644787644,all
D18S51,20,0.03571428571428571,all
D2S1338,20,0.1327220077220077,all
D3S1358,20,9.652509652509652e-4,all
D6S1043,20,0.04584942084942085,all
FGA,20,0.08832046332046332,all
Penta_E,20,0.01158301158301158,all
SE33,20,0.07239382239382239,all
vWA,20,0.01158301158301158,all
D12S391,20.1,9.652509652509652e-4,all
SE33,20.2,0.00675675675675675,all
D12S391,20.3,4.8262548262548264e-4,all
D6S1043,20.3,0.00241312741312741,all
D12S391,21,0.10086872586872588,all
D18S51,21,0.00965250965250965,all
D2S1338,21,0.06660231660231661,all
D6S1043,21,0.0111003861003861,all
FGA,21,0.1472007722007722,all
Penta_E,21,0.00434362934362934,all
SE33,21,0.0333011583011583,all
vWA,21,0.00144787644787644,all
D18S51,21.2,4.8262548262548264e-4,all
FGA,21.2,0.00193050193050193,all
SE33,21.2,0.01785714285714285,all
D6S1043,21.3,0.01013513513513513,all
D12S391,22,0.06611969111969113,all
D18S51,22,0.00868725868725868,all
D2S1338,22,0.07528957528957529,all
D6S1043,22,4.8262548262548264e-4,all
FGA,22,0.1973938223938224,all
Penta_E,22,0.00386100386100386,all
SE33,22,0.01447876447876448,all
D12S391,22.2,4.8262548262548264e-4,all
FGA,22.2,0.00675675675675675,all
SE33,22.2,0.02316602316602316,all
D6S1043,22.3,0.00289575289575289,all
FGA,22.3,4.8262548262548264e-4,all
D12S391,23,0.04922779922779923,all
D18S51,23,0.00193050193050193,all
D2S1338,23,0.11824324324324324,all
D6S1043,23,0.00337837837837837,all
FGA,23,0.15588803088803088,all
Penta_E,23,0.00337837837837837,all
SE33,23,0.00434362934362934,all
FGA,23.2,0.00241312741312741,all
SE33,23.2,0.02799227799227799,all
D6S1043,23.3,4.8262548262548264e-4,all
D12S391,24,0.02557915057915058,all
D18S51,24,9.652509652509652e-4,all
D2S1338,24,0.097007722007722,all
D6S1043,24,0.00193050193050193,all
FGA,24,0.13706563706563707,all
Penta_E,24,4.8262548262548264e-4,all
SE33,24,4.8262548262548264e-4,all
D21S11,24.2,4.8262548262548264e-4,all
FGA,24.2,9.652509652509652e-4,all
SE33,24.2,0.02316602316602316,all
D12S391,24.3,4.8262548262548264e-4,all
D12S391,25,0.01158301158301158,all
D2S1338,25,0.0834942084942085,all
D6S1043,25,4.8262548262548264e-4,all
FGA,25,0.10038610038610038,all
Penta_E,25,0.00193050193050193,all
D21S11,25.2,4.8262548262548264e-4,all
FGA,25.2,4.8262548262548264e-4,all
SE33,25.2,0.03523166023166023,all
D12S391,26,0.00337837837837837,all
D21S11,26,4.8262548262548264e-4,all
D2S1338,26,0.02268339768339768,all
D6S1043,26,4.8262548262548264e-4,all
FGA,26,0.04922779922779923,all
SE33,26,4.8262548262548264e-4,all
D21S11,26.2,4.8262548262548264e-4,all
SE33,26.2,0.05888030888030888,all
D12S391,27,0.00241312741312741,all
D21S11,27,0.03861003861003861,all
D2S1338,27,0.00193050193050193,all
FGA,27,0.01978764478764478,all
SE33,27,4.8262548262548264e-4,all
SE33,27.2,0.07384169884169885,all
SE33,27.3,4.8262548262548264e-4,all
D18S51,28,4.8262548262548264e-4,all
D21S11,28,0.16457528957528958,all
FGA,28,0.0053088803088803,all
D21S11,28.2,4.8262548262548264e-4,all
SE33,28.2,0.06418918918918919,all
SE33,28.3,9.652509652509652e-4,all
D21S11,29,0.20415057915057916,all
FGA,29,0.00241312741312741,all
D21S11,29.2,0.00144787644787644,all
SE33,29.2,0.04681467181467181,all
D21S11,29.3,4.8262548262548264e-4,all
D21S11,30,0.2475868725868726,all
FGA,30,9.652509652509652e-4,all
SE33,30,4.8262548262548264e-4,all
D21S11,30.2,0.02171814671814672,all
FGA,30.2,4.8262548262548264e-4,all
SE33,30.2,0.03764478764478764,all
D21S11,30.3,9.652509652509652e-4,all
D21S11,31,0.08011583011583012,all
SE33,31,0.00144787644787644,all
D21S11,31.2,0.07722007722007722,all
FGA,31.2,4.8262548262548264e-4,all
SE33,31.2,0.01882239382239382,all
D21S11,32,0.01399613899613899,all
SE33,32,4.8262548262548264e-4,all
D21S11,32.2,0.0912162162162162,all
SE33,32.2,0.00916988416988417,all
D21S11,33,0.00434362934362934,all
SE33,33,9.652509652509652e-4,all
D21S11,33.1,0.00144787644787644,all
D21S11,33.2,0.03281853281853281,all
SE33,33.2,0.00337837837837837,all
D21S11,34,0.00241312741312741,all
SE33,34,0.00386100386100386,all
D21S11,34.2,0.00144787644787644,all
SE33,34.2,4.8262548262548264e-4,all
D21S11,35,0.00772200772200772,all
D21S11,36,0.00337837837837837,all
SE33,36,4.8262548262548264e-4,all
D21S11,37,9.652509652509652e-4,all
D21S11,38,4.8262548262548264e-4,all
D21S11,39,4.8262548262548264e-4,all
FGA,43.2,4.8262548262548264e-4,all
F13A01,3.2,0.30927835051546393,Asian
F13A01,4,0.12371134020618556,Asian
F13A01,5,0.06185567010309278,Asian
Penta_C,5,0.02577319587628866,Asian
Penta_E,5,0.07216494845360824,Asian
F13A01,6,0.4896907216494845,Asian
F13B,6,0.01546391752577319,Asian
Penta_D,6,0.01030927835051546,Asian
TH01,6,0.17010309278350516,Asian
CSF1PO,7,0.02061855670103092,Asian
D5S818,7,0.01546391752577319,Asian
D7S820,7,0.00515463917525773,Asian
F13A01,7,0.01546391752577319,Asian
F13B,7,0.00515463917525773,Asian
LPL,7,0.00515463917525773,Asian
Penta_C,7,0.00515463917525773,Asian
TH01,7,0.26804123711340205,Asian
D13S317,8,0.21649484536082475,Asian
D2S441,8,0.00515463917525773,Asian
D5S818,8,0.00515463917525773,Asian
D7S820,8,0.13402061855670103,Asian
F13B,8,0.04639175257731959,Asian
Penta_C,8,0.06701030927835051,Asian
Penta_D,8,0.00515463917525773,Asian
Penta_E,8,0.00515463917525773,Asian
TH01,8,0.07216494845360824,Asian
TPOX,8,0.5463917525773195,Asian
CSF1PO,9,0.06701030927835051,Asian
D13S317,9,0.14432989690721648,Asian
D16S539,9,0.3556701030927835,Asian
D5S818,9,0.0979381443298969,Asian
D7S820,9,0.04639175257731959,Asian
F13B,9,0.1958762886597938,Asian
FESFPS,9,0.01546391752577319,Asian
LPL,9,0.00515463917525773,Asian
Penta_C,9,0.3556701030927835,Asian
Penta_D,9,0.31443298969072164,Asian
Penta_E,9,0.02577319587628866,Asian
TH01,9,0.443298969072165,Asian
TPOX,9,0.08247422680412371,Asian
D2S441,9.1,0.00515463917525773,Asian
TH01,9.3,0.04123711340206185,Asian
CSF1PO,10,0.20103092783505155,Asian
D10S1248,10,0.00515463917525773,Asian
D13S317,10,0.10309278350515463,Asian
D16S539,10,0.16494845360824742,Asian
D2S441,10,0.26804123711340205,Asian
D5S818,10,0.2268041237113402,Asian
D6S1043,10,0.03092783505154639,Asian
D7S820,10,0.26288659793814434,Asian
D8S1179,10,0.12371134020618556,Asian
F13B,10,0.7319587628865979,Asian
FESFPS,10,0.09278350515463918,Asian
LPL,10,0.6443298969072165,Asian
Penta_C,10,0.06701030927835051,Asian
Penta_D,10,0.18556701030927836,Asian
Penta_E,10,0.06185567010309278,Asian
TH01,10,0.00515463917525773,Asian
TPOX,10,0.03092783505154639,Asian
FESFPS,10.3,0.00515463917525773,Asian
CSF1PO,11,0.21649484536082475,Asian
D13S317,11,0.26804123711340205,Asian
D16S539,11,0.19072164948453607,Asian
D1S1656,11,0.03092783505154639,Asian
D22S1045,11,0.20103092783505155,Asian
D2S441,11,0.35051546391752575,Asian
D5S818,11,0.27319587628865977,Asian
D6S1043,11,0.14948453608247422,Asian
D7S820,11,0.35051546391752575,Asian
D8S1179,11,0.11855670103092784,Asian
F13B,11,0.00515463917525773,Asian
FESFPS,11,0.3608247422680412,Asian
LPL,11,0.11855670103092784,Asian
Penta_C,11,0.31443298969072164,Asian
Penta_D,11,0.18041237113402064,Asian
Penta_E,11,0.15979381443298968,Asian
TPOX,11,0.29381443298969073,Asian
D2S441,11.3,0.03092783505154639,Asian
CSF1PO,12,0.3865979381443299,Asian
D10S1248,12,0.08762886597938144,Asian
D13S317,12,0.211340206185567,Asian
D16S539,12,0.17525773195876287,Asian
D18S51,12,0.03608247422680412,Asian
D19S433,12,0.03608247422680412,Asian
D1S1656,12,0.04639175257731959,Asian
D22S1045,12,0.00515463917525773,Asian
D2S441,12,0.21649484536082475,Asian
D5S818,12,0.20618556701030927,Asian
D6S1043,12,0.12371134020618556,Asian
D7S820,12,0.17525773195876287,Asian
D8S1179,12,0.11855670103092784,Asian
FESFPS,12,0.30927835051546393,Asian
LPL,12,0.211340206185567,Asian
Penta_C,12,0.14432989690721648,Asian
Penta_D,12,0.18041237113402064,Asian
Penta_E,12,0.09278350515463918,Asian
TPOX,12,0.04639175257731959,Asian
D19S433,12.2,0.02577319587628866,Asian
D2S441,12.3,0.00515463917525773,Asian
D6S1043,12.3,0.00515463917525773,Asian
CSF1PO,13,0.08762886597938144,Asian
D10S1248,13,0.31958762886597936,Asian
D13S317,13,0.05670103092783505,Asian
D16S539,13,0.0979381443298969,Asian
D18S51,13,0.21649484536082475,Asian
D19S433,13,0.28350515463917525,Asian
D1S1656,13,0.13402061855670103,Asian
D2S441,13,0.02577319587628866,Asian
D5S818,13,0.15979381443298968,Asian
D6S1043,13,0.12371134020618556,Asian
D7S820,13,0.02577319587628866,Asian
D8S1179,13,0.20103092783505155,Asian
FESFPS,13,0.1958762886597938,Asian
LPL,13,0.01546391752577319,Asian
Penta_C,13,0.01546391752577319,Asian
Penta_D,13,0.10309278350515463,Asian
Penta_E,13,0.05154639175257732,Asian
D19S433,13.2,0.02061855670103092,Asian
CSF1PO,14,0.01546391752577319,Asian
D10S1248,14,0.25257731958762886,Asian
D16S539,14,0.01546391752577319,Asian
D18S51,14,0.2371134020618557,Asian
D19S433,14,0.29896907216494845,Asian
D1S1656,14,0.06185567010309278,Asian
D22S1045,14,0.01030927835051546,Asian
D2S441,14,0.08247422680412371,Asian
D3S1358,14,0.02577319587628866,Asian
D5S818,14,0.01546391752577319,Asian
D6S1043,14,0.15463917525773196,Asian
D8S1179,14,0.20103092783505155,Asian
FESFPS,14,0.02061855670103092,Asian
Penta_C,14,0.00515463917525773,Asian
Penta_D,14,0.01030927835051546,Asian
Penta_E,14,0.05154639175257732,Asian
vWA,14,0.1958762886597938,Asian
D19S433,14.2,0.10309278350515463,Asian
CSF1PO,15,0.00515463917525773,Asian
D10S1248,15,0.20618556701030927,Asian
D12S391,15,0.04123711340206185,Asian
D18S51,15,0.18041237113402064,Asian
D19S433,15,0.06185567010309278,Asian
D1S1656,15,0.27835051546391754,Asian
D22S1045,15,0.30927835051546393,Asian
D2S441,15,0.01030927835051546,Asian
D3S1358,15,0.36597938144329895,Asian
D6S1043,15,0.03608247422680412,Asian
D8S1179,15,0.12886597938144329,Asian
Penta_D,15,0.01030927835051546,Asian
Penta_E,15,0.1134020618556701,Asian
SE33,15,0.01030927835051546,Asian
vWA,15,0.02061855670103092,Asian
D19S433,15.2,0.12371134020618556,Asian
D10S1248,16,0.0979381443298969,Asian
D12S391,16,0.01030927835051546,Asian
D18S51,16,0.12886597938144329,Asian
D19S433,16,0.01030927835051546,Asian
D1S1656,16,0.20103092783505155,Asian
D22S1045,16,0.2268041237113402,Asian
D2S1338,16,0.02061855670103092,Asian
D3S1358,16,0.32989690721649484,Asian
D6S1043,16,0.00515463917525773,Asian
D8S1179,16,0.09278350515463918,Asian
Penta_E,16,0.05670103092783505,Asian
SE33,16,0.03092783505154639,Asian
vWA,16,0.13917525773195877,Asian
D19S433,16.2,0.03092783505154639,Asian
D1S1656,16.3,0.01546391752577319,Asian
D10S1248,17,0.03092783505154639,Asian
D12S391,17,0.08247422680412371,Asian
D18S51,17,0.06701030927835051,Asian
D1S1656,17,0.07216494845360824,Asian
D22S1045,17,0.2216494845360825,Asian
D2S1338,17,0.05670103092783505,Asian
D3S1358,17,0.20103092783505155,Asian
D6S1043,17,0.07216494845360824,Asian
D8S1179,17,0.01030927835051546,Asian
FGA,17,0.01030927835051546,Asian
Penta_E,17,0.08247422680412371,Asian
SE33,17,0.03092783505154639,Asian
vWA,17,0.31443298969072164,Asian
D19S433,17.2,0.00515463917525773,Asian
D1S1656,17.3,0.08762886597938144,Asian
D12S391,18,0.26288659793814434,Asian
D18S51,18,0.03092783505154639,Asian
D1S1656,18,0.01546391752577319,Asian
D22S1045,18,0.02061855670103092,Asian
D2S1338,18,0.13402061855670103,Asian
D3S1358,18,0.06701030927835051,Asian
D6S1043,18,0.15979381443298968,Asian
D8S1179,18,0.00515463917525773,Asian
FGA,18,0.02577319587628866,Asian
Penta_E,18,0.07731958762886598,Asian
SE33,18,0.06185567010309278,Asian
vWA,18,0.20618556701030927,Asian
D1S1656,18.3,0.05154639175257732,Asian
D12S391,19,0.17525773195876287,Asian
D18S51,19,0.04123711340206185,Asian
D22S1045,19,0.00515463917525773,Asian
D2S1338,19,0.18041237113402064,Asian
D3S1358,19,0.01030927835051546,Asian
D6S1043,19,0.09278350515463918,Asian
FGA,19,0.05670103092783505,Asian
Penta_E,19,0.04123711340206185,Asian
SE33,19,0.06185567010309278,Asian
vWA,19,0.10824742268041238,Asian
D12S391,19.3,0.00515463917525773,Asian
D1S1656,19.3,0.00515463917525773,Asian
Penta_E,19.4,0.01030927835051546,Asian
D12S391,20,0.1958762886597938,Asian
D18S51,20,0.02577319587628866,Asian
D2S1338,20,0.15979381443298968,Asian
D6S1043,20,0.04123711340206185,Asian
FGA,20,0.08762886597938144,Asian
Penta_E,20,0.02061855670103092,Asian
SE33,20,0.09278350515463918,Asian
vWA,20,0.01546391752577319,Asian
SE33,20.2,0.01546391752577319,Asian
D12S391,21,0.0979381443298969,Asian
D18S51,21,0.01030927835051546,Asian
D2S1338,21,0.01546391752577319,Asian
D6S1043,21,0.00515463917525773,Asian
FGA,21,0.10309278350515463,Asian
Penta_E,21,0.02061855670103092,Asian
SE33,21,0.05154639175257732,Asian
SE33,21.2,0.02577319587628866,Asian
D12S391,22,0.05670103092783505,Asian
D18S51,22,0.01546391752577319,Asian
D2S1338,22,0.05154639175257732,Asian
FGA,22,0.2422680412371134,Asian
Penta_E,22,0.03092783505154639,Asian
SE33,22,0.01546391752577319,Asian
SE33,22.2,0.04123711340206185,Asian
D12S391,23,0.02577319587628866,Asian
D18S51,23,0.00515463917525773,Asian
D2S1338,23,0.16494845360824742,Asian
FGA,23,0.20618556701030927,Asian
Penta_E,23,0.02061855670103092,Asian
SE33,23,0.01030927835051546,Asian
SE33,23.2,0.04639175257731959,Asian
D12S391,24,0.01030927835051546,Asian
D2S1338,24,0.12886597938144329,Asian
FGA,24,0.14948453608247422,Asian
FGA,24.2,0.00515463917525773,Asian
SE33,24.2,0.06185567010309278,Asian
D12S391,24.3,0.00515463917525773,Asian
D12S391,25,0.01546391752577319,Asian
D2S1338,25,0.04639175257731959,Asian
FGA,25,0.07216494845360824,Asian
Penta_E,25,0.00515463917525773,Asian
SE33,25.2,0.05670103092783505,Asian
D12S391,26,0.01030927835051546,Asian
D2S1338,26,0.03608247422680412,Asian
FGA,26,0.03092783505154639,Asian
SE33,26.2,0.07216494845360824,Asian
D12S391,27,0.00515463917525773,Asian
D2S1338,27,0.00515463917525773,Asian
FGA,27,0.00515463917525773,Asian
SE33,27.2,0.10309278350515463,Asian
D18S51,28,0.00515463917525773,Asian
D21S11,28,0.05670103092783505,Asian
D21S11,28.2,0.00515463917525773,Asian
SE33,28.2,0.07731958762886598,Asian
D21S11,29,0.20103092783505155,Asian
SE33,29.2,0.06185567010309278,Asian
D21S11,30,0.32989690721649484,Asian
D21S11,30.2,0.00515463917525773,Asian
SE33,30.2,0.03608247422680412,Asian
D21S11,30.3,0.01030927835051546,Asian
D21S11,31,0.12371134020618556,Asian
D21S11,31.2,0.03608247422680412,Asian
SE33,31.2,0.02577319587628866,Asian
D21S11,32,0.05670103092783505,Asian
D21S11,32.2,0.1134020618556701,Asian
SE33,32.2,0.01030927835051546,Asian
D21S11,33,0.01546391752577319,Asian
D21S11,33.2,0.04639175257731959,Asian
FGA,43.2,0.00515463917525773,Asian
Penta_D,2.2,0.00415512465373961,Cauc
F13A01,3.2,0.06371191135734072,Cauc
F13A01,4,0.02631578947368421,Cauc
F13A01,5,0.19390581717451524,Cauc
FESFPS,5,0.00138504155124653,Cauc
Penta_C,5,0.00831024930747922,Cauc
Penta_E,5,0.07617728531855955,Cauc
TH01,5,0.00138504155124653,Cauc
TPOX,5,0.00138504155124653,Cauc
F13A01,6,0.3490304709141274,Cauc
F13B,6,0.09556786703601108,Cauc
Penta_D,6,0.00415512465373961,Cauc
TH01,6,0.23545706371191136,Cauc
TPOX,6,0.00138504155124653,Cauc
D5S818,7,0.00277008310249307,Cauc
D7S820,7,0.02770083102493074,Cauc
F13A01,7,0.3157894736842105,Cauc
F13B,7,0.01662049861495845,Cauc
LPL,7,0.00138504155124653,Cauc
Penta_C,7,0.00277008310249307,Cauc
Penta_D,7,0.00415512465373961,Cauc
Penta_E,7,0.16897506925207756,Cauc
TH01,7,0.19390581717451524,Cauc
CSF1PO,8,0.00554016620498615,Cauc
D13S317,8,0.12049861495844875,Cauc
D16S539,8,0.01800554016620498,Cauc
D5S818,8,0.00554016620498615,Cauc
D6S1043,8,0.00138504155124653,Cauc
D7S820,8,0.1440443213296399,Cauc
D8S1179,8,0.01385041551246537,Cauc
F13A01,8,0.00415512465373961,Cauc
F13B,8,0.2465373961218837,Cauc
FESFPS,8,0.02493074792243767,Cauc
Penta_C,8,0.00554016620498615,Cauc
Penta_D,8,0.02077562326869806,Cauc
Penta_E,8,0.01385041551246537,Cauc
TH01,8,0.09556786703601108,Cauc
TPOX,8,0.5249307479224377,Cauc
D7S820,8.1,0.00138504155124653,Cauc
CSF1PO,9,0.01385041551246537,Cauc
D13S317,9,0.07756232686980609,Cauc
D16S539,9,0.10664819944598336,Cauc
D2S441,9,0.00138504155124653,Cauc
D5S818,9,0.04155124653739612,Cauc
D7S820,9,0.16759002770083103,Cauc
D8S1179,9,0.00554016620498615,Cauc
F13B,9,0.2465373961218837,Cauc
LPL,9,0.03878116343490304,Cauc
Penta_C,9,0.14958448753462605,Cauc
Penta_D,9,0.221606648199446,Cauc
Penta_E,9,0.01246537396121883,Cauc
TH01,9,0.11911357340720222,Cauc
TPOX,9,0.12742382271468145,Cauc
D2S441,9.1,0.00138504155124653,Cauc
TH01,9.3,0.3448753462603878,Cauc
CSF1PO,10,0.22022160664819945,Cauc
D13S317,10,0.04709141274238227,Cauc
D16S539,10,0.05678670360110803,Cauc
D18S51,10,0.00831024930747922,Cauc
D19S433,10,0.00138504155124653,Cauc
D1S1656,10,0.00277008310249307,Cauc
D2S441,10,0.21052631578947367,Cauc
D5S818,10,0.05540166204986149,Cauc
D6S1043,10,0.01662049861495845,Cauc
D7S820,10,0.2562326869806094,Cauc
D8S1179,10,0.10249307479224376,Cauc
F13A01,10,0.00138504155124653,Cauc
F13B,10,0.389196675900277,Cauc
FESFPS,10,0.28254847645429365,Cauc
LPL,10,0.4224376731301939,Cauc
Penta_C,10,0.0664819944598338,Cauc
Penta_D,10,0.1149584487534626,Cauc
Penta_E,10,0.08587257617728532,Cauc
TH01,10,0.00831024930747922,Cauc
TPOX,10,0.04986149584487535,Cauc
CSF1PO,11,0.30886426592797783,Cauc
D10S1248,11,0.00138504155124653,Cauc
D13S317,11,0.3254847645429363,Cauc
D16S539,11,0.314404432132964,Cauc
D18S51,11,0.00969529085872576,Cauc
D19S433,11,0.00554016620498615,Cauc
D1S1656,11,0.07756232686980609,Cauc
D22S1045,11,0.13988919667590027,Cauc
D2S441,11,0.34349030470914127,Cauc
D3S1358,11,0.00138504155124653,Cauc
D5S818,11,0.3559556786703601,Cauc
D6S1043,11,0.296398891966759,Cauc
D7S820,11,0.20498614958448755,Cauc
D8S1179,11,0.07617728531855955,Cauc
F13B,11,0.00554016620498615,Cauc
FESFPS,11,0.4113573407202216,Cauc
LPL,11,0.26454293628808867,Cauc
Penta_C,11,0.3947368421052632,Cauc
Penta_D,11,0.1260387811634349,Cauc
Penta_E,11,0.08725761772853186,Cauc
SE33,11,0.00138504155124653,Cauc
TH01,11,0.00138504155124653,Cauc
TPOX,11,0.2520775623268698,Cauc
D2S441,11.3,0.06094182825484764,Cauc
CSF1PO,12,0.3601108033240997,Cauc
D10S1248,12,0.03185595567867036,Cauc
D13S317,12,0.26869806094182824,Cauc
D16S539,12,0.314404432132964,Cauc
D18S51,12,0.11357340720221606,Cauc
D19S433,12,0.07063711911357341,Cauc
D1S1656,12,0.11634349030470914,Cauc
D22S1045,12,0.01246537396121883,Cauc
D2S441,12,0.04709141274238227,Cauc
D5S818,12,0.3878116343490305,Cauc
D6S1043,12,0.23545706371191136,Cauc
D7S820,12,0.1592797783933518,Cauc
D8S1179,12,0.16759002770083103,Cauc
F13A01,12,0.00138504155124653,Cauc
FESFPS,12,0.23545706371191136,Cauc
LPL,12,0.23268698060941828,Cauc
Penta_C,12,0.21052631578947367,Cauc
Penta_D,12,0.23268698060941828,Cauc
Penta_E,12,0.1994459833795014,Cauc
SE33,12,0.00692520775623268,Cauc
TPOX,12,0.04155124653739612,Cauc
vWA,12,0.00138504155124653,Cauc
D19S433,12.2,0.00138504155124653,Cauc
D2S441,12.3,0.00415512465373961,Cauc
CSF1PO,13,0.0817174515235457,Cauc
D10S1248,13,0.3074792243767313,Cauc
D13S317,13,0.11634349030470914,Cauc
D16S539,13,0.1634349030470914,Cauc
D18S51,13,0.12326869806094184,Cauc
D19S433,13,0.2548476454293629,Cauc
D1S1656,13,0.0664819944598338,Cauc
D22S1045,13,0.00692520775623268,Cauc
D2S441,13,0.02908587257617728,Cauc
D3S1358,13,0.00138504155124653,Cauc
D5S818,13,0.14265927977839335,Cauc
D6S1043,13,0.08725761772853186,Cauc
D7S820,13,0.03462603878116344,Cauc
D8S1179,13,0.3296398891966759,Cauc
F13A01,13,0.00138504155124653,Cauc
FESFPS,13,0.04293628808864266,Cauc
LPL,13,0.03462603878116344,Cauc
Penta_C,13,0.14265927977839335,Cauc
Penta_D,13,0.19667590027700832,Cauc
Penta_E,13,0.08587257617728532,Cauc
SE33,13,0.01662049861495845,Cauc
TPOX,13,0.00138504155124653,Cauc
vWA,13,0.00138504155124653,Cauc
D19S433,13.2,0.00692520775623268,Cauc
CSF1PO,14,0.00969529085872576,Cauc
D10S1248,14,0.29778393351800553,Cauc
D13S317,14,0.04293628808864266,Cauc
D16S539,14,0.02631578947368421,Cauc
D18S51,14,0.13434903047091412,Cauc
D19S433,14,0.36149584487534625,Cauc
D1S1656,14,0.07894736842105263,Cauc
D22S1045,14,0.05678670360110803,Cauc
D2S441,14,0.2409972299168975,Cauc
D3S1358,14,0.10664819944598336,Cauc
D5S818,14,0.00692520775623268,Cauc
D6S1043,14,0.05540166204986149,Cauc
D7S820,14,0.00415512465373961,Cauc
D8S1179,14,0.16620498614958448,Cauc
F13A01,14,0.0110803324099723,Cauc
FESFPS,14,0.00138504155124653,Cauc
LPL,14,0.00415512465373961,Cauc
Penta_C,14,0.01800554016620498,Cauc
Penta_D,14,0.06094182825484764,Cauc
Penta_E,14,0.06232686980609418,Cauc
SE33,14,0.02493074792243767,Cauc
vWA,14,0.092797783933518,Cauc
D18S51,14.2,0.00138504155124653,Cauc
D19S433,14.2,0.02354570637119113,Cauc
SE33,14.2,0.00277008310249307,Cauc
D1S1656,14.3,0.00277008310249307,Cauc
D10S1248,15,0.19667590027700832,Cauc
D12S391,15,0.03185595567867036,Cauc
D13S317,15,0.00138504155124653,Cauc
D18S51,15,0.1703601108033241,Cauc
D19S433,15,0.15650969529085873,Cauc
D1S1656,15,0.14958448753462605,Cauc
D22S1045,15,0.32132963988919666,Cauc
D2S1338,15,0.00138504155124653,Cauc
D2S441,15,0.05955678670360111,Cauc
D3S1358,15,0.27285318559556787,Cauc
D5S818,15,0.00138504155124653,Cauc
D6S1043,15,0.01246537396121883,Cauc
D8S1179,15,0.1038781163434903,Cauc
F13A01,15,0.02493074792243767,Cauc
LPL,15,0.00138504155124653,Cauc
Penta_C,15,0.00138504155124653,Cauc
Penta_D,15,0.00969529085872576,Cauc
Penta_E,15,0.04293628808864266,Cauc
SE33,15,0.04016620498614958,Cauc
vWA,15,0.10526315789473684,Cauc
D19S433,15.2,0.03601108033240997,Cauc
D1S1656,15.3,0.05817174515235457,Cauc
Penta_E,15.4,0.00138504155124653,Cauc
D10S1248,16,0.1329639889196676,Cauc
D12S391,16,0.0221606648199446,Cauc
D18S51,16,0.14681440443213298,Cauc
D19S433,16,0.05678670360110803,Cauc
D1S1656,16,0.13573407202216067,Cauc
D22S1045,16,0.38227146814404434,Cauc
D2S1338,16,0.0373961218836565,Cauc
D2S441,16,0.00138504155124653,Cauc
D3S1358,16,0.23822714681440443,Cauc
D6S1043,16,0.00415512465373961,Cauc
D8S1179,16,0.0332409972299169,Cauc
F13A01,16,0.00692520775623268,Cauc
Penta_D,16,0.00277008310249307,Cauc
Penta_E,16,0.05124653739612189,Cauc
SE33,16,0.04016620498614958,Cauc
vWA,16,0.20083102493074792,Cauc
D18S51,16.2,0.00138504155124653,Cauc
D19S433,16.2,0.01523545706371191,Cauc
SE33,16.2,0.00138504155124653,Cauc
D1S1656,16.3,0.06094182825484764,Cauc
D10S1248,17,0.02770083102493074,Cauc
D12S391,17,0.12742382271468145,Cauc
D18S51,17,0.13850415512465375,Cauc
D19S433,17,0.00692520775623268,Cauc
D1S1656,17,0.04709141274238227,Cauc
D22S1045,17,0.07479224376731301,Cauc
D2S1338,17,0.185595567867036,Cauc
D3S1358,17,0.21052631578947367,Cauc
D6S1043,17,0.06094182825484764,Cauc
D8S1179,17,0.00138504155124653,Cauc
Penta_D,17,0.00138504155124653,Cauc
Penta_E,17,0.04847645429362881,Cauc
SE33,17,0.06232686980609418,Cauc
vWA,17,0.2839335180055402,Cauc
D19S433,17.2,0.00138504155124653,Cauc
D12S391,17.3,0.02077562326869806,Cauc
D1S1656,17.3,0.1329639889196676,Cauc
SE33,17.3,0.00138504155124653,Cauc
D10S1248,18,0.00138504155124653,Cauc
D12S391,18,0.17174515235457063,Cauc
D18S51,18,0.07756232686980609,Cauc
D1S1656,18,0.00554016620498615,Cauc
D22S1045,18,0.00554016620498615,Cauc
D2S1338,18,0.07340720221606649,Cauc
D3S1358,18,0.15096952908587258,Cauc
D6S1043,18,0.0886426592797784,Cauc
FGA,18,0.02493074792243767,Cauc
Penta_E,18,0.0332409972299169,Cauc
SE33,18,0.07202216066481995,Cauc
vWA,18,0.20221606648199447,Cauc
D19S433,18.2,0.00138504155124653,Cauc
D12S391,18.3,0.02493074792243767,Cauc
D1S1656,18.3,0.04986149584487535,Cauc
SE33,18.3,0.00138504155124653,Cauc
D10S1248,19,0.00277008310249307,Cauc
D12S391,19,0.12465373961218836,Cauc
D18S51,19,0.04016620498614958,Cauc
D2S1338,19,0.12049861495844875,Cauc
D3S1358,19,0.01662049861495845,Cauc
D6S1043,19,0.09833795013850416,Cauc
FGA,19,0.04986149584487535,Cauc
Penta_E,19,0.01523545706371191,Cauc
SE33,19,0.07202216066481995,Cauc
vWA,19,0.1038781163434903,Cauc
SE33,19.2,0.00415512465373961,Cauc
D12S391,19.3,0.00415512465373961,Cauc
D1S1656,19.3,0.01523545706371191,Cauc
D12S391,20,0.110803324099723,Cauc
D18S51,20,0.01800554016620498,Cauc
D2S1338,20,0.15650969529085873,Cauc
D3S1358,20,0.00138504155124653,Cauc
D6S1043,20,0.03185595567867036,Cauc
FGA,20,0.12326869806094184,Cauc
Penta_E,20,0.00969529085872576,Cauc
SE33,20,0.05817174515235457,Cauc
vWA,20,0.00692520775623268,Cauc
SE33,20.2,0.00969529085872576,Cauc
D12S391,21,0.12880886426592797,Cauc
D18S51,21,0.00969529085872576,Cauc
D2S1338,21,0.0373961218836565,Cauc
D6S1043,21,0.00969529085872576,Cauc
FGA,21,0.1786703601108033,Cauc
Penta_E,21,0.00277008310249307,Cauc
SE33,21,0.02493074792243767,Cauc
vWA,21,0.00138504155124653,Cauc
FGA,21.2,0.00554016620498615,Cauc
SE33,21.2,0.02354570637119113,Cauc
D12S391,22,0.09556786703601108,Cauc
D18S51,22,0.00692520775623268,Cauc
D2S1338,22,0.03462603878116344,Cauc
D6S1043,22,0.00138504155124653,Cauc
FGA,22,0.20498614958448755,Cauc
Penta_E,22,0.00138504155124653,Cauc
SE33,22,0.01385041551246537,Cauc
FGA,22.2,0.01246537396121883,Cauc
SE33,22.2,0.0373961218836565,Cauc
D12S391,23,0.06925207756232687,Cauc
D2S1338,23,0.10526315789473684,Cauc
FGA,23,0.1523545706371191,Cauc
SE33,23,0.00277008310249307,Cauc
FGA,23.2,0.00277008310249307,Cauc
SE33,23.2,0.03601108033240997,Cauc
D12S391,24,0.04709141274238227,Cauc
D2S1338,24,0.1149584487534626,Cauc
FGA,24,0.13434903047091412,Cauc
Penta_E,24,0.00138504155124653,Cauc
SE33,24,0.00138504155124653,Cauc
FGA,24.2,0.00138504155124653,Cauc
SE33,24.2,0.0221606648199446,Cauc
D12S391,25,0.01662049861495845,Cauc
D2S1338,25,0.10249307479224376,Cauc
FGA,25,0.07894736842105263,Cauc
D21S11,25.2,0.00138504155124653,Cauc
SE33,25.2,0.04155124653739612,Cauc
D12S391,26,0.00277008310249307,Cauc
D2S1338,26,0.03047091412742382,Cauc
FGA,26,0.02631578947368421,Cauc
SE33,26.2,0.04155124653739612,Cauc
D12S391,27,0.00138504155124653,Cauc
D21S11,27,0.0221606648199446,Cauc
FGA,27,0.00415512465373961,Cauc
SE33,27.2,0.09418282548476456,Cauc
D21S11,28,0.1592797783933518,Cauc
SE33,28.2,0.07617728531855955,Cauc
SE33,28.3,0.00138504155124653,Cauc
D21S11,29,0.20221606648199447,Cauc
D21S11,29.2,0.00277008310249307,Cauc
SE33,29.2,0.05540166204986149,Cauc
D21S11,30,0.28254847645429365,Cauc
D21S11,30.2,0.02908587257617728,Cauc
SE33,30.2,0.05678670360110803,Cauc
D21S11,31,0.07202216066481995,Cauc
SE33,31,0.00277008310249307,Cauc
D21S11,31.2,0.09833795013850416,Cauc
SE33,31.2,0.02354570637119113,Cauc
D21S11,32,0.00554016620498615,Cauc
SE33,32,0.00138504155124653,Cauc
D21S11,32.2,0.09002770083102493,Cauc
SE33,32.2,0.01246537396121883,Cauc
D21S11,33,0.00138504155124653,Cauc
SE33,33,0.00138504155124653,Cauc
D21S11,33.2,0.02631578947368421,Cauc
SE33,33.2,0.00415512465373961,Cauc
SE33,34,0.00831024930747922,Cauc
D21S11,34.2,0.00415512465373961,Cauc
SE33,34.2,0.00138504155124653,Cauc
D21S11,35,0.00138504155124653,Cauc
D21S11,36,0.00138504155124653,Cauc
Penta_D,2.2,0.01702127659574468,Hispanic
F13A01,3.2,0.21398305084745764,Hispanic
Penta_D,3.2,0.00212765957446808,Hispanic
F13A01,4,0.0826271186440678,Hispanic
F13A01,5,0.19491525423728817,Hispanic
Penta_C,5,0.01694915254237288,Hispanic
Penta_D,5,0.00638297872340425,Hispanic
Penta_E,5,0.03601694915254237,Hispanic
F13A01,6,0.1673728813559322,Hispanic
F13B,6,0.12076271186440678,Hispanic
Penta_D,6,0.00212765957446808,Hispanic
TH01,6,0.23940677966101695,Hispanic
TPOX,6,0.00847457627118644,Hispanic
SE33,6.3,0.00211864406779661,Hispanic
CSF1PO,7,0.01271186440677966,Hispanic
D5S818,7,0.03389830508474576,Hispanic
D7S820,7,0.01059322033898305,Hispanic
F13A01,7,0.3072033898305085,Hispanic
F13B,7,0.0211864406779661,Hispanic
FESFPS,7,0.00211864406779661,Hispanic
LPL,7,0.00423728813559322,Hispanic
Penta_C,7,0.00635593220338983,Hispanic
Penta_D,7,0.00212765957446808,Hispanic
Penta_E,7,0.11652542372881355,Hispanic
TH01,7,0.2966101694915254,Hispanic
TPOX,7,0.00635593220338983,Hispanic
CSF1PO,8,0.00423728813559322,Hispanic
D13S317,8,0.11016949152542373,Hispanic
D16S539,8,0.01906779661016949,Hispanic
D5S818,8,0.00847457627118644,Hispanic
D7S820,8,0.12076271186440678,Hispanic
D8S1179,8,0.01483050847457627,Hispanic
F13A01,8,0.00635593220338983,Hispanic
F13B,8,0.1864406779661017,Hispanic
FESFPS,8,0.01694915254237288,Hispanic
Penta_C,8,0.03389830508474576,Hispanic
Penta_D,8,0.01914893617021276,Hispanic
Penta_E,8,0.02542372881355932,Hispanic
TH01,8,0.09110169491525424,Hispanic
TPOX,8,0.4851694915254237,Hispanic
CSF1PO,9,0.02330508474576271,Hispanic
D13S317,9,0.1652542372881356,Hispanic
D16S539,9,0.13983050847457626,Hispanic
D19S433,9,0.00211864406779661,Hispanic
D5S818,9,0.05296610169491525,Hispanic
D7S820,9,0.09110169491525424,Hispanic
D8S1179,9,0.00635593220338983,Hispanic
F13A01,9,0.00423728813559322,Hispanic
F13B,9,0.2309322033898305,Hispanic
FESFPS,9,0.00847457627118644,Hispanic
LPL,9,0.0423728813559322,Hispanic
Penta_C,9,0.22245762711864409,Hispanic
Penta_D,9,0.2425531914893617,Hispanic
Penta_E,9,0.01694915254237288,Hispanic
TH01,9,0.1461864406779661,Hispanic
TPOX,9,0.093220338983050835,Hispanic
TH01,9.3,0.21822033898305085,Hispanic
CSF1PO,10,0.23728813559322037,Hispanic
D13S317,10,0.09957627118644068,Hispanic
D16S539,10,0.1504237288135593,Hispanic
D18S51,10,0.00211864406779661,Hispanic
D19S433,10,0.00211864406779661,Hispanic
D1S1656,10,0.00635593220338983,Hispanic
D22S1045,10,0.01483050847457627,Hispanic
D2S441,10,0.336864406779661,Hispanic
D5S818,10,0.05720338983050847,Hispanic
D6S1043,10,0.00423728813559322,Hispanic
D7S820,10,0.3072033898305085,Hispanic
D8S1179,10,0.093220338983050835,Hispanic
F13B,10,0.4385593220338983,Hispanic
FESFPS,10,0.2033898305084746,Hispanic
LPL,10,0.4830508474576271,Hispanic
Penta_C,10,0.06567796610169492,Hispanic
Penta_D,10,0.16382978723404254,Hispanic
Penta_E,10,0.0847457627118644,Hispanic
TH01,10,0.00847457627118644,Hispanic
TPOX,10,0.04872881355932203,Hispanic
D7S820,10.3,0.00211864406779661,Hispanic
FESFPS,10.3,0.00211864406779661,Hispanic
CSF1PO,11,0.2796610169491525,Hispanic
D10S1248,11,0.00423728813559322,Hispanic
D13S317,11,0.21822033898305085,Hispanic
D16S539,11,0.2648305084745763,Hispanic
D18S51,11,0.01483050847457627,Hispanic
D19S433,11,0.01483050847457627,Hispanic
D1S1656,11,0.02754237288135593,Hispanic
D22S1045,11,0.0635593220338983,Hispanic
D2S441,11,0.298728813559322,Hispanic
D5S818,11,0.3898305084745763,Hispanic
D6S1043,11,0.17796610169491525,Hispanic
D7S820,11,0.2775423728813559,Hispanic
D8S1179,11,0.05296610169491525,Hispanic
F13B,11,0.00211864406779661,Hispanic
FESFPS,11,0.4639830508474576,Hispanic
LPL,11,0.19915254237288135,Hispanic
Penta_C,11,0.3305084745762712,Hispanic
Penta_D,11,0.1553191489361702,Hispanic
Penta_E,11,0.07627118644067797,Hispanic
TPOX,11,0.2542372881355932,Hispanic
vWA,11,0.00211864406779661,Hispanic
D2S441,11.3,0.04449152542372881,Hispanic
CSF1PO,12,0.375,Hispanic
D10S1248,12,0.0423728813559322,Hispanic
D13S317,12,0.23516949152542377,Hispanic
D16S539,12,0.2775423728813559,Hispanic
D18S51,12,0.11440677966101696,Hispanic
D19S433,12,0.06567796610169492,Hispanic
D1S1656,12,0.08898305084745763,Hispanic
D22S1045,12,0.01271186440677966,Hispanic
D2S441,12,0.03601694915254237,Hispanic
D5S818,12,0.3389830508474576,Hispanic
D6S1043,12,0.2055084745762712,Hispanic
D7S820,12,0.15466101694915255,Hispanic
D8S1179,12,0.1292372881355932,Hispanic
F13A01,12,0.00423728813559322,Hispanic
FESFPS,12,0.21822033898305085,Hispanic
LPL,12,0.21398305084745764,Hispanic
Penta_C,12,0.2097457627118644,Hispanic
Penta_D,12,0.1574468085106383,Hispanic
Penta_E,12,0.1694915254237288,Hispanic
SE33,12,0.00423728813559322,Hispanic
TPOX,12,0.1038135593220339,Hispanic
D19S433,12.2,0.01271186440677966,Hispanic
SE33,12.2,0.00423728813559322,Hispanic
D2S441,12.3,0.00211864406779661,Hispanic
CSF1PO,13,0.05932203389830508,Hispanic
D10S1248,13,0.2733050847457627,Hispanic
D13S317,13,0.1059322033898305,Hispanic
D16S539,13,0.13347457627118645,Hispanic
D18S51,13,0.1228813559322034,Hispanic
D19S433,13,0.22245762711864409,Hispanic
D1S1656,13,0.11440677966101696,Hispanic
D22S1045,13,0.00847457627118644,Hispanic
D2S441,13,0.02330508474576271,Hispanic
D3S1358,13,0.00635593220338983,Hispanic
D5S818,13,0.10805084745762712,Hispanic
D6S1043,13,0.1016949152542373,Hispanic
D7S820,13,0.03601694915254237,Hispanic
D8S1179,13,0.2733050847457627,Hispanic
F13A01,13,0.00635593220338983,Hispanic
FESFPS,13,0.07415254237288135,Hispanic
LPL,13,0.04872881355932203,Hispanic
Penta_C,13,0.1038135593220339,Hispanic
Penta_D,13,0.14468085106382975,Hispanic
Penta_E,13,0.093220338983050835,Hispanic
SE33,13,0.00847457627118644,Hispanic
D19S433,13.2,0.04449152542372881,Hispanic
CSF1PO,14,0.00635593220338983,Hispanic
D10S1248,14,0.3389830508474576,Hispanic
D13S317,14,0.0614406779661017,Hispanic
D16S539,14,0.01271186440677966,Hispanic
D18S51,14,0.16101694915254236,Hispanic
D19S433,14,0.3538135593220339,Hispanic
D1S1656,14,0.11652542372881355,Hispanic
D22S1045,14,0.02754237288135593,Hispanic
D2S441,14,0.2055084745762712,Hispanic
D3S1358,14,0.07838983050847458,Hispanic
D5S818,14,0.00847457627118644,Hispanic
D6S1043,14,0.13135593220338984,Hispanic
D8S1179,14,0.2627118644067797,Hispanic
FESFPS,14,0.01059322033898305,Hispanic
LPL,14,0.00847457627118644,Hispanic
Penta_C,14,0.01059322033898305,Hispanic
Penta_D,14,0.07021276595744681,Hispanic
Penta_E,14,0.07203389830508475,Hispanic
SE33,14,0.02754237288135593,Hispanic
vWA,14,0.08050847457627118,Hispanic
D18S51,14.2,0.00211864406779661,Hispanic
D19S433,14.2,0.03813559322033898,Hispanic
SE33,14.2,0.00211864406779661,Hispanic
D1S1656,14.3,0.00423728813559322,Hispanic
CSF1PO,15,0.00211864406779661,Hispanic
D10S1248,15,0.211864406779661,Hispanic
D12S391,15,0.04449152542372881,Hispanic
D13S317,15,0.00423728813559322,Hispanic
D16S539,15,0.00211864406779661,Hispanic
D18S51,15,0.15889830508474576,Hispanic
D19S433,15,0.13559322033898305,Hispanic
D1S1656,15,0.13771186440677963,Hispanic
D22S1045,15,0.4258474576271186,Hispanic
D2S441,15,0.04872881355932203,Hispanic
D3S1358,15,0.3220338983050847,Hispanic
D5S818,15,0.00211864406779661,Hispanic
D6S1043,15,0.03177966101694915,Hispanic
D8S1179,15,0.1292372881355932,Hispanic
F13A01,15,0.00635593220338983,Hispanic
Penta_D,15,0.01063829787234042,Hispanic
Penta_E,15,0.09533898305084744,Hispanic
SE33,15,0.03601694915254237,Hispanic
vWA,15,0.1440677966101695,Hispanic
D19S433,15.2,0.05508474576271186,Hispanic
SE33,15.2,0.00635593220338983,Hispanic
D1S1656,15.3,0.05084745762711865,Hispanic
Penta_E,15.4,0.00211864406779661,Hispanic
D10S1248,16,0.09957627118644068,Hispanic
D12S391,16,0.0423728813559322,Hispanic
D18S51,16,0.125,Hispanic
D19S433,16,0.02542372881355932,Hispanic
D1S1656,16,0.17584745762711865,Hispanic
D22S1045,16,0.3495762711864407,Hispanic
D2S1338,16,0.02966101694915254,Hispanic
D2S441,16,0.00211864406779661,Hispanic
D3S1358,16,0.2796610169491525,Hispanic
D6S1043,16,0.00211864406779661,Hispanic
D8S1179,16,0.03177966101694915,Hispanic
F13A01,16,0.00423728813559322,Hispanic
Penta_D,16,0.00425531914893617,Hispanic
Penta_E,16,0.0614406779661017,Hispanic
SE33,16,0.06991525423728813,Hispanic
vWA,16,0.2838983050847458,Hispanic
D19S433,16.2,0.02754237288135593,Hispanic
D1S1656,16.3,0.05084745762711865,Hispanic
SE33,16.3,0.00423728813559322,Hispanic
D10S1248,17,0.02542372881355932,Hispanic
D12S391,17,0.07627118644067797,Hispanic
D18S51,17,0.125,Hispanic
D1S1656,17,0.0423728813559322,Hispanic
D22S1045,17,0.09110169491525424,Hispanic
D2S1338,17,0.1694915254237288,Hispanic
D2S441,17,0.00211864406779661,Hispanic
D3S1358,17,0.1843220338983051,Hispanic
D6S1043,17,0.04872881355932203,Hispanic
D8S1179,17,0.00423728813559322,Hispanic
F13A01,17,0.00211864406779661,Hispanic
FGA,17,0.00211864406779661,Hispanic
Penta_D,17,0.00212765957446808,Hispanic
Penta_E,17,0.05508474576271186,Hispanic
SE33,17,0.07627118644067797,Hispanic
vWA,17,0.2457627118644068,Hispanic
D12S391,17.3,0.01694915254237288,Hispanic
D1S1656,17.3,0.1483050847457627,Hispanic
SE33,17.3,0.00423728813559322,Hispanic
D10S1248,18,0.00211864406779661,Hispanic
D12S391,18,0.17796610169491525,Hispanic
D18S51,18,0.07838983050847458,Hispanic
D1S1656,18,0.00635593220338983,Hispanic
D22S1045,18,0.00635593220338983,Hispanic
D2S1338,18,0.08050847457627118,Hispanic
D3S1358,18,0.1228813559322034,Hispanic
D6S1043,18,0.10805084745762712,Hispanic
D8S1179,18,0.00211864406779661,Hispanic
FGA,18,0.01271186440677966,Hispanic
Penta_E,18,0.03389830508474576,Hispanic
SE33,18,0.11016949152542373,Hispanic
vWA,18,0.18008474576271186,Hispanic
D6S1043,18.1,0.00211864406779661,Hispanic
D12S391,18.3,0.01271186440677966,Hispanic
D1S1656,18.3,0.02542372881355932,Hispanic
D10S1248,19,0.00211864406779661,Hispanic
D12S391,19,0.1885593220338983,Hispanic
D18S51,19,0.04661016949152542,Hispanic
D2S1338,19,0.1927966101694915,Hispanic
D3S1358,19,0.00423728813559322,Hispanic
D6S1043,19,0.07838983050847458,Hispanic
FGA,19,0.08050847457627118,Hispanic
Penta_E,19,0.0211864406779661,Hispanic
SE33,19,0.08898305084745763,Hispanic
vWA,19,0.05084745762711865,Hispanic
D12S391,19.1,0.00211864406779661,Hispanic
SE33,19.2,0.00635593220338983,Hispanic
D12S391,19.3,0.00635593220338983,Hispanic
D1S1656,19.3,0.00423728813559322,Hispanic
D6S1043,19.3,0.00211864406779661,Hispanic
D12S391,20,0.15466101694915255,Hispanic
D18S51,20,0.02754237288135593,Hispanic
D2S1338,20,0.1271186440677966,Hispanic
D3S1358,20,0.00211864406779661,Hispanic
D6S1043,20,0.03177966101694915,Hispanic
FGA,20,0.0847457627118644,Hispanic
Penta_E,20,0.0211864406779661,Hispanic
SE33,20,0.04872881355932203,Hispanic
vWA,20,0.01059322033898305,Hispanic
SE33,20.2,0.00423728813559322,Hispanic
D12S391,20.3,0.00211864406779661,Hispanic
D6S1043,20.3,0.01059322033898305,Hispanic
D12S391,21,0.11228813559322036,Hispanic
D18S51,21,0.00847457627118644,Hispanic
D2S1338,21,0.03177966101694915,Hispanic
D6S1043,21,0.00635593220338983,Hispanic
FGA,21,0.15254237288135594,Hispanic
Penta_E,21,0.00635593220338983,Hispanic
SE33,21,0.01694915254237288,Hispanic
vWA,21,0.00211864406779661,Hispanic
SE33,21.2,0.01694915254237288,Hispanic
D6S1043,21.3,0.0423728813559322,Hispanic
D12S391,22,0.06779661016949153,Hispanic
D18S51,22,0.01059322033898305,Hispanic
D2S1338,22,0.05720338983050847,Hispanic
FGA,22,0.1652542372881356,Hispanic
Penta_E,22,0.00211864406779661,Hispanic
SE33,22,0.01483050847457627,Hispanic
D12S391,22.2,0.00211864406779661,Hispanic
FGA,22.2,0.00423728813559322,Hispanic
SE33,22.2,0.0211864406779661,Hispanic
D6S1043,22.3,0.01271186440677966,Hispanic
D12S391,23,0.05720338983050847,Hispanic
D2S1338,23,0.13983050847457626,Hispanic
FGA,23,0.12076271186440678,Hispanic
Penta_E,23,0.00635593220338983,Hispanic
FGA,23.2,0.00423728813559322,Hispanic
SE33,23.2,0.02330508474576271,Hispanic
D6S1043,23.3,0.00211864406779661,Hispanic
D12S391,24,0.01694915254237288,Hispanic
D18S51,24,0.00211864406779661,Hispanic
D2S1338,24,0.07627118644067797,Hispanic
FGA,24,0.1419491525423729,Hispanic
D21S11,24.2,0.00211864406779661,Hispanic
SE33,24.2,0.02330508474576271,Hispanic
D12S391,25,0.00635593220338983,Hispanic
D2S1338,25,0.07838983050847458,Hispanic
FGA,25,0.11864406779661016,Hispanic
Penta_E,25,0.00423728813559322,Hispanic
SE33,25.2,0.02330508474576271,Hispanic
D12S391,26,0.00635593220338983,Hispanic
D2S1338,26,0.01694915254237288,Hispanic
FGA,26,0.0614406779661017,Hispanic
D21S11,26.2,0.00211864406779661,Hispanic
SE33,26.2,0.07415254237288135,Hispanic
D12S391,27,0.00635593220338983,Hispanic
D21S11,27,0.02754237288135593,Hispanic
FGA,27,0.04449152542372881,Hispanic
SE33,27,0.00211864406779661,Hispanic
SE33,27.2,0.07627118644067797,Hispanic
SE33,27.3,0.00211864406779661,Hispanic
D21S11,28,0.09957627118644068,Hispanic
FGA,28,0.00211864406779661,Hispanic
SE33,28.2,0.06779661016949153,Hispanic
D21S11,29,0.2076271186440678,Hispanic
FGA,29,0.00211864406779661,Hispanic
D21S11,29.2,0.00211864406779661,Hispanic
SE33,29.2,0.0614406779661017,Hispanic
D21S11,30,0.2733050847457627,Hispanic
FGA,30,0.00211864406779661,Hispanic
SE33,30,0.00211864406779661,Hispanic
D21S11,30.2,0.02330508474576271,Hispanic
SE33,30.2,0.04025423728813559,Hispanic
D21S11,31,0.07627118644067797,Hispanic
D21S11,31.2,0.09957627118644068,Hispanic
SE33,31.2,0.01271186440677966,Hispanic
D21S11,32,0.01694915254237288,Hispanic
D21S11,32.2,0.1271186440677966,Hispanic
SE33,32.2,0.01059322033898305,Hispanic
D21S11,33,0.00423728813559322,Hispanic
SE33,33,0.00211864406779661,Hispanic
D21S11,33.1,0.00211864406779661,Hispanic
D21S11,33.2,0.03389830508474576,Hispanic
SE33,33.2,0.00423728813559322,Hispanic
D21S11,34,0.00211864406779661,Hispanic
